city,tcac_code,sipsa_name,exito_name
Barranquilla,N/A,Aceite girasol,Aceite girasol
Barranquilla,D013,Aceite vegetal mezcla,Aceite vegetal mezcla
Barranquilla,B006,Ahuyama,Ahuyama
Barranquilla,N/A,Ajo importado,Ajo importado
Barranquilla,F069,Alas de pollo con costillar,Alas de pollo con costillar
Barranquilla,B014,Apio,Apio
Barranquilla,A010,Arroz de primera,Arroz de primera
Barranquilla,N/A,Arroz de segunda,Arroz de segunda
Barranquilla,N/A,Arroz excelso,Arroz excelso
Barranquilla,N/A,Arveja verde en vaina,Arveja verde en vaina
Barranquilla,A012,Avena en hojuelas,Avena en hojuelas
Barranquilla,A029,Avena molida,Avena molida
Barranquilla,N/A,Azúcar refinada,Azúcar refinada
Barranquilla,K003,Azúcar sulfitada,Azúcar sulfitada
Barranquilla,C010,Banano criollo,Banano criollo
Barranquilla,N/A,Banano Urabá,Banano Urabá
Barranquilla,E007,"Basa, entero congelado importado",Basa
Barranquilla,N/A,Berenjena,Berenjena
Barranquilla,E010,Bocachico importado congelado,Bocachico
Barranquilla,B025,Brócoli,Brócoli
Barranquilla,L005,Café instantáneo,Café instantáneo
Barranquilla,L006,Café molido,Café molido
Barranquilla,N/A,"Carne de cerdo, brazo con hueso",Cerdo brazo
Barranquilla,F008,"Carne de cerdo, brazo sin hueso",Brazo cerdo
Barranquilla,F015,"Carne de cerdo, costilla",Costila cerdo
Barranquilla,N/A,"Carne de cerdo, lomo con hueso",Cerdo lomo
Barranquilla,F019,"Carne de cerdo, lomo sin hueso",Lomo cerdo
Barranquilla,N/A,"Carne de cerdo, pernil con hueso",Cerdo pernil
Barranquilla,F118,"Carne de res, bola de brazo",Bola brazo res
Barranquilla,F118,"Carne de res, bola de pierna",Bola pierna res
Barranquilla,N/A,"Carne de res, bota",Res bota
Barranquilla,F100,"Carne de res, cadera",Cadera res
Barranquilla,N/A,"Carne de res, centro de pierna",Res pierna
Barranquilla,F099,"Carne de res, chatas",Chatas res
Barranquilla,F107,"Carne de res, costilla",Costilla res
Barranquilla,F100,"Carne de res, falda",Falda res
Barranquilla,N/A,"Carne de res, lomo fino",Res lomo
Barranquilla,F118,"Carne de res, muchacho",Muchacho res
Barranquilla,F100,"Carne de res, punta de anca",Punta de anca res
Barranquilla,F098,"Carne de res, sobrebarriga",Sobrebarriga res
Barranquilla,N/A,Cebolla cabezona blanca,Cebolla cabezona blanca
Barranquilla,N/A,Cebolla cabezona roja peruana,Cebolla cabezona roja
Barranquilla,N/A,Cebolla junca Berlín,Cebolla junca
Barranquilla,N/A,Cebollín chino,Cebollín
Barranquilla,N/A,Chocolate dulce,Chocolate dulce
Barranquilla,N/A,Cilantro,Cilantro
Barranquilla,C019,Coco,Coco
Barranquilla,N/A,Coles,Coles
Barranquilla,B039,Coliflor,Coliflor
Barranquilla,N/A,Color (bolsita),Color
Barranquilla,C021,Curuba,Curuba
Barranquilla,B044,Espinaca,Espinaca
Barranquilla,N/A,Fécula de maíz,Fécula de maíz
Barranquilla,N/A,Fríjol cabeza negra importado,Fríjol cabeza negra
Barranquilla,N/A,Fríjol cabeza negra nacional,Fríjol cabeza negra
Barranquilla,N/A,Fríjol palomito importado,Fríjol palomito
Barranquilla,N/A,Fríjol verde en vaina,Fríjol verde
Barranquilla,N/A,Fríjol Zaragoza,Fríjol
Barranquilla,N/A,Galletas dulces redondas con crema,Galletas dulces redondas con crema
Barranquilla,A027,Galletas saladas,Galletas saladas
Barranquilla,K018,Gelatina,Gelatina
Barranquilla,N/A,Guayaba Atlántico,Guayaba
Barranquilla,N/A,Guayaba común,Guayaba
Barranquilla,C032,Guayaba pera,Guayaba pera
Barranquilla,B052,Habichuela,Habichuela
Barranquilla,N/A,Habichuela larga,Habichuela larga
Barranquilla,A040,Harina de trigo,Harina de trigo
Barranquilla,A034,Harina precocida de maíz,Harina precocida de maíz
Barranquilla,N/A,Jugo de frutas,Jugo de frutas
Barranquilla,K018,Jugo instantáneo (sobre),Refesco en polvo
Barranquilla,G008,Leche en polvo,Leche en polvo
Barranquilla,B059,Lechuga Batavia,Lechuga Batavia
Barranquilla,T026,Lenteja importada,Lenteja importada
Barranquilla,N/A,Limón común Ciénaga,Limón común
Barranquilla,C044,Limón Tahití,Limón Tahití
Barranquilla,E003,Lomitos de atún en lata,Lomitos de atún en lata
Barranquilla,C045,Lulo,Lulo
Barranquilla,A044,Maíz amarillo trillado,Maíz amarillo trillado
Barranquilla,A046,Maíz blanco trillado,Maíz blanco trillado
Barranquilla,N/A,Mandarina común,Mandarina
Barranquilla,N/A,Mango de azúcar,Mango de azúcar
Barranquilla,C052,Mango Tommy,Mango Tommy
Barranquilla,C056,Maracuyá,Maracuyá
Barranquilla,N/A,Maracuyá valluno,Maracuyá
Barranquilla,D018,Margarina,Margarina
Barranquilla,D020,Mayonesa doy pack,Mayonesa doy pack
Barranquilla,N/A,Mojarra lora entera congelada,Mojarra
Barranquilla,N/A,Mojarra lora entera fresca,Mojarra
Barranquilla,C061,Mora de Castilla,Mora de Castilla
Barranquilla,N/A,Mostaza doy pack,Mostaza doy pack
Barranquilla,N/A,Panela cuadrada blanca,Panela cuadrada
Barranquilla,B071,Papa criolla limpia,Papa criolla lavada
Barranquilla,B074,Papa única,Papa
Barranquilla,A072,Pastas alimenticias,Pastas alimenticias
Barranquilla,F085,Pechuga de pollo,Pechuga de pollo
Barranquilla,B077,Pepino cohombro,Pepino cohombro
Barranquilla,N/A,Perejil,Perejil
Barranquilla,F091,Pierna pernil con rabadilla,Pierna pernil con rabadilla
Barranquilla,B080,Pimentón,Pimentón
Barranquilla,N/A,Piña perolera,Piña perolera
Barranquilla,B092,Plátano hartón verde,Plátano verde
Barranquilla,F077,Pollo entero congelado sin vísceras,Pollo entero sin vísceras
Barranquilla,G018,Queso costeño,Queso costeño
Barranquilla,N/A,Rábano rojo,Rábano rojo
Barranquilla,N/A,Remolacha,Remolacha
Barranquilla,B099,Repollo blanco,Repollo blanco
Barranquilla,L015,Sal yodada,Sal yodada
Barranquilla,L017,Salsa de tomate doy pack,Salsa de tomate doy pack
Barranquilla,E039,Sardinas en lata,Sardinas en lata
Barranquilla,E043,Tilapia roja entera congelada,Tilapia
Barranquilla,N/A,Tilapia roja entera fresca,Tilapia roja entera fresca
Barranquilla,B103,Tomate chonto,Tomate chonto
Barranquilla,C082,Tomate de árbol,Tomate de árbol
Barranquilla,N/A,Tomate Riogrande bumangués,Tomate 
Barranquilla,N/A,Vinagre,Vinagre
Barranquilla,N/A,Yuca criolla,Yuca
Barranquilla,B110,Zanahoria,Zanahoria
Bogotá,N/A,Aceite girasol,Aceite girasol
Bogotá,N/A,Aceite soya,Aceite soya
Bogotá,D013,Aceite vegetal mezcla,Aceite vegetal mezcla
Bogotá,N/A,Acelga,Acelga
Bogotá,N/A,Aguacate Hass,Aguacate Hass
Bogotá,C002,Aguacate papelillo,Aguacate papelillo
Bogotá,B006,Ahuyama,Ahuyama
Bogotá,N/A,Ahuyamín (Sakata),Ahuyamín (Sakata)
Bogotá,N/A,Ajo,Ajo
Bogotá,N/A,Ajo importado,Ajo importado
Bogotá,F069,Alas de pollo con costillar,Alas de pollo con costillar
Bogotá,N/A,Alas de pollo sin costillar,Alas de pollo sin costillar
Bogotá,E001,Almejas con concha,Almejas con concha
Bogotá,E001,Almejas sin concha,Almejas sin concha
Bogotá,B014,Apio,Apio
Bogotá,B015,Arracacha amarilla,Arracacha amarilla
Bogotá,A010,Arroz de primera,Arroz de primera
Bogotá,N/A,Arroz de segunda,Arroz de segunda
Bogotá,N/A,Arroz excelso,Arroz excelso
Bogotá,N/A,Arroz sopa cristal,Arroz sopa cristal
Bogotá,N/A,Arveja amarilla seca importada,Arveja amarilla seca importada
Bogotá,N/A,Arveja enlatada,Arveja enlatada
Bogotá,N/A,Arveja verde en vaina,Arveja verde en vaina
Bogotá,B019,Arveja verde en vaina pastusa,Arveja vaina
Bogotá,T003,Arveja verde seca importada,Arveja
Bogotá,A012,Avena en hojuelas,Avena en hojuelas
Bogotá,A029,Avena molida,Avena molida
Bogotá,K004,Azúcar morena,Azúcar morena
Bogotá,N/A,Azúcar refinada,Azúcar refinada
Bogotá,K003,Azúcar sulfitada,Azúcar sulfitada
Bogotá,N/A,Bagre rayado en postas congelado,Bagre rayado en postas congelado
Bogotá,E005,Bagre rayado entero congelado,Bagre
Bogotá,N/A,Bagre rayado entero fresco,Bagre rayado entero fresco
Bogotá,C009,Banano bocadillo,Banano bocadillo
Bogotá,C010,Banano criollo,Banano criollo
Bogotá,N/A,Banano Urabá,Banano Urabá
Bogotá,E007,"Basa, entero congelado importado",Basa
Bogotá,E030,"Basa, filete congelado importado",Filete basa
Bogotá,N/A,Berenjena,Berenjena
Bogotá,N/A,Bocachico criollo fresco,Bocachico criollo fresco
Bogotá,N/A,Bocadillo veleño,Bocadillo veleño
Bogotá,N/A,Borojó,Borojó
Bogotá,B025,Brócoli,Brócoli
Bogotá,N/A,Cachama de cultivo fresca,Cachama de cultivo fresca
Bogotá,L005,Café instantáneo,Café instantáneo
Bogotá,L006,Café molido,Café molido
Bogotá,N/A,Calabacín,Calabacín
Bogotá,N/A,Calabaza,Calabaza
Bogotá,E015,Calamar anillos,Calamar anillos
Bogotá,E015,Calamar blanco entero,Calamar
Bogotá,E017,Camarón tigre precocido seco,Camarón tigre
Bogotá,N/A,Camarón tití precocido seco,Camarón tití precocido seco
Bogotá,N/A,"Carne de cerdo, brazo con hueso",Cerdo brazo
Bogotá,F008,"Carne de cerdo, brazo sin hueso",Brazo cerdo
Bogotá,N/A,"Carne de cerdo, cabeza de lomo",Cerdo lomo
Bogotá,F015,"Carne de cerdo, costilla",Costila cerdo
Bogotá,F019,"Carne de cerdo, lomo sin hueso",Lomo cerdo
Bogotá,N/A,"Carne de cerdo, pernil con hueso",Cerdo pernil
Bogotá,F025,"Carne de cerdo, pernil sin hueso",Pernil cerdo
Bogotá,N/A,"Carne de cerdo, tocino barriga",Cerdo tocino
Bogotá,F029,"Carne de cerdo, tocino papada",Papada cerdo
Bogotá,N/A,"Carne de res molida, murillo","Carne de res molida, murillo"
Bogotá,F118,"Carne de res, bola de brazo",Bola brazo res
Bogotá,F118,"Carne de res, bola de pierna",Bola pierna res
Bogotá,N/A,"Carne de res, bota",Res bota
Bogotá,F100,"Carne de res, cadera",Cadera res
Bogotá,N/A,"Carne de res, centro de pierna",Res pierna
Bogotá,F099,"Carne de res, chatas",Chatas res
Bogotá,N/A,"Carne de res, cogote","Carne de res, cogote"
Bogotá,F107,"Carne de res, costilla",Costilla res
Bogotá,F100,"Carne de res, falda",Falda res
Bogotá,N/A,"Carne de res, lomo de brazo",Res brazo
Bogotá,N/A,"Carne de res, lomo fino",Res lomo
Bogotá,F098,"Carne de res, morrillo",Morrillo res
Bogotá,F118,"Carne de res, muchacho",Muchacho res
Bogotá,N/A,"Carne de res, murillo",Res murillo
Bogotá,N/A,"Carne de res, paletero",Res paletero
Bogotá,F100,"Carne de res, pecho",Pechho res
Bogotá,F100,"Carne de res, punta de anca",Punta de anca res
Bogotá,F098,"Carne de res, sobrebarriga",Sobrebarriga res
Bogotá,N/A,Cazuela de mariscos (paquete),Cazuela de mariscos (paquete)
Bogotá,N/A,Cebolla cabezona blanca,Cebolla cabezona blanca
Bogotá,N/A,Cebolla cabezona roja,Cebolla cabezona roja
Bogotá,B029,Cebolla junca Aquitania,Cebolla junca
Bogotá,N/A,Cebolla puerro,Cebolla puerro
Bogotá,N/A,Chocolate dulce,Chocolate dulce
Bogotá,N/A,Chocolate instantáneo,Chocolate instantáneo
Bogotá,A053,Chócolo mazorca,Chócolo mazorca
Bogotá,N/A,Cidra,Cidra
Bogotá,N/A,Cilantro,Cilantro
Bogotá,N/A,Ciruela importada,Ciruela importada
Bogotá,N/A,Ciruela roja,Ciruela roja
Bogotá,C019,Coco,Coco
Bogotá,N/A,Coles,Coles
Bogotá,B039,Coliflor,Coliflor
Bogotá,N/A,Cuchuco de cebada,Cuchuco de cebada
Bogotá,A044,Cuchuco de maíz,Cuchuco de maíz
Bogotá,C021,Curuba,Curuba
Bogotá,N/A,Durazno importado,Durazno importado
Bogotá,N/A,Durazno nacional,Durazno nacional
Bogotá,B044,Espinaca,Espinaca
Bogotá,N/A,Fécula de maíz,Fécula de maíz
Bogotá,C025,Fresa,Fresa
Bogotá,N/A,Fríjol bolón,Fríjol bolón
Bogotá,N/A,Fríjol cargamanto rojo,Fríjol cargamanto rojo
Bogotá,N/A,Fríjol enlatado,Fríjol enlatado
Bogotá,N/A,Fríjol nima calima,Fríjol nima calima
Bogotá,N/A,Fríjol radical,Fríjol radical
Bogotá,B046,Fríjol verde cargamanto,Fríjol verde
Bogotá,N/A,Galletas dulces redondas con crema,Galletas dulces redondas con crema
Bogotá,A027,Galletas saladas,Galletas saladas
Bogotá,N/A,Garbanzo importado,Garbanzo importado
Bogotá,K018,Gelatina,Gelatina
Bogotá,C028,Granadilla,Granadilla
Bogotá,C030,Guanábana,Guanábana
Bogotá,C032,Guayaba pera,Guayaba pera
Bogotá,N/A,Gulupa,Gulupa
Bogotá,N/A,Haba verde,Haba verde
Bogotá,B052,Habichuela,Habichuela
Bogotá,A040,Harina de trigo,Harina de trigo
Bogotá,A034,Harina precocida de maíz,Harina precocida de maíz
Bogotá,N/A,Higo,Higo
Bogotá,J004,Huevo rojo A,Huevo A
Bogotá,J004,Huevo rojo AA,Huevo AA
Bogotá,N/A,Huevo rojo B,Huevo rojo B
Bogotá,J004,Huevo rojo extra,Huevo AAA
Bogotá,K018,Jugo instantáneo (sobre),Refesco en polvo
Bogotá,C042,Kiwi,Kiwi
Bogotá,B059,Lechuga Batavia,Lechuga Batavia
Bogotá,B060,Lechuga crespa verde,Lechuga crespa verde
Bogotá,T026,Lenteja importada,Lenteja importada
Bogotá,C044,Limón común,Limón común
Bogotá,C044,Limón Tahití,Limón Tahití
Bogotá,E003,Lomitos de atún en lata,Lomitos de atún en lata
Bogotá,C045,Lulo,Lulo
Bogotá,N/A,Maíz amarillo cáscara,Maíz amarillo cáscara
Bogotá,A044,Maíz amarillo trillado,Maíz amarillo trillado
Bogotá,A046,Maíz blanco trillado,Maíz blanco trillado
Bogotá,N/A,Maíz pira,Maíz pira
Bogotá,C050,Mandarina Arrayana,Mandarina Arrayana
Bogotá,C051,Mango común,Mango
Bogotá,C052,Mango Tommy,Mango Tommy
Bogotá,N/A,Manteca,Manteca
Bogotá,N/A,Manzana nacional,Manzana nacional
Bogotá,C054,Manzana roja importada,Manzana roja importada
Bogotá,C054,Manzana royal gala importada,Manzana royal
Bogotá,C054,Manzana verde importada,Manzana verde importada
Bogotá,C056,Maracuyá,Maracuyá
Bogotá,D018,Margarina,Margarina
Bogotá,D020,Mayonesa doy pack,Mayonesa doy pack
Bogotá,C060,Melón Cantalup,Melón Cantalup
Bogotá,E030,"Merluza, filete nacional","Merluza, filete nacional"
Bogotá,C061,Mora de Castilla,Mora de Castilla
Bogotá,N/A,Muslos de pollo sin rabadilla,Muslos de pollo sin rabadilla
Bogotá,C062,Naranja Sweet,Naranja Sweet
Bogotá,N/A,Naranja Valencia,Naranja Valencia
Bogotá,N/A,Nicuro fresco,Nicuro fresco
Bogotá,N/A,Palmitos de mar,Palmitos de mar
Bogotá,N/A,Panela cuadrada morena,Panela cuadrada morena
Bogotá,B071,Papa criolla limpia,Papa criolla lavada
Bogotá,B071,Papa criolla sucia,Papa criolla sucia
Bogotá,B074,Papa parda pastusa,Papa parda pastusa
Bogotá,N/A,Papa R-12 negra,Papa R-12 negra
Bogotá,N/A,Papa R-12 roja,Papa R-12 roja
Bogotá,N/A,Papa rubí,Papa rubí
Bogotá,N/A,Papa sabanera,Papa sabanera
Bogotá,N/A,Papa superior,Papa superior
Bogotá,B074,Papa única,Papa
Bogotá,N/A,Papaya Paulina,Papaya Paulina
Bogotá,N/A,Papaya tainung,Papaya tainung
Bogotá,E043,Pargo rojo entero congelado,Pargo
Bogotá,A072,Pastas alimenticias,Pastas alimenticias
Bogotá,C079,Patilla,Sandía
Bogotá,C079,Patilla baby,Patilla baby
Bogotá,F085,Pechuga de pollo,Pechuga de pollo
Bogotá,B077,Pepino cohombro,Pepino cohombro
Bogotá,N/A,Pepino de rellenar,Pepino de rellenar
Bogotá,C071,Pera importada,Pera importada
Bogotá,N/A,Pera nacional,Pera nacional
Bogotá,N/A,Perejil,Perejil
Bogotá,E002,Pescado cabezas,Pescado cabezas
Bogotá,F091,Pierna pernil con rabadilla,Pierna pernil con rabadilla
Bogotá,N/A,Pierna pernil sin rabadilla,Pierna pernil sin rabadilla
Bogotá,F091,Piernas de pollo,Piernas de pollo
Bogotá,B080,Pimentón,Pimentón
Bogotá,C072,Piña gold,Piña gold
Bogotá,N/A,Piña perolera,Piña perolera
Bogotá,N/A,Pitahaya,Pitahaya
Bogotá,N/A,Plátano guineo,Plátano guineo
Bogotá,N/A,Plátano hartón maduro,Plátano maduro
Bogotá,B092,Plátano hartón verde,Plátano verde
Bogotá,N/A,Plátano hartón verde llanero,Plátano verde
Bogotá,N/A,Pollo entero fresco sin vísceras,Pollo entero fresco sin vísceras
Bogotá,G017,Queso campesino,Queso campesino
Bogotá,G018,Queso costeño,Queso costeño
Bogotá,G016,Queso cuajada,Queso cuajada
Bogotá,G021,Queso doble crema,Queso doble crema
Bogotá,N/A,Rábano rojo,Rábano rojo
Bogotá,N/A,Remolacha,Remolacha
Bogotá,N/A,Repollo morado,Repollo morado
Bogotá,N/A,Repollo verde,Repollo verde
Bogotá,N/A,"Róbalo, filete congelado","Róbalo, filete congelado"
Bogotá,L015,Sal yodada,Sal yodada
Bogotá,E038,"Salmón, filete congelado",Filete salmón
Bogotá,L017,Salsa de tomate doy pack,Salsa de tomate doy pack
Bogotá,E039,Sardinas en lata,Sardinas en lata
Bogotá,E041,Sierra entera congelada,Sierra
Bogotá,N/A,Sopa de pollo (caja),Sopa de pollo (caja)
Bogotá,N/A,Tangelo,Tangelo
Bogotá,E043,Tilapia roja entera congelada,Tilapia
Bogotá,N/A,Tilapia roja entera fresca,Tilapia roja entera fresca
Bogotá,E030,"Tilapia, filete congelado","Tilapia, filete congelado"
Bogotá,B103,Tomate chonto,Tomate chonto
Bogotá,C082,Tomate de árbol,Tomate de árbol
Bogotá,B103,Tomate larga vida,Tomate larga vida
Bogotá,E047,Trucha en corte mariposa,Trucha en corte mariposa
Bogotá,N/A,Uchuva con cáscara,Uchuva con cáscara
Bogotá,C085,Uva importada,Uva importada
Bogotá,C086,Uva Isabela,Uva Isabela
Bogotá,C085,Uva red globe nacional,Uva red globe nacional
Bogotá,N/A,Uva verde,Uva verde
Bogotá,N/A,Yuca llanera,Yuca llanera
Bogotá,B110,Zanahoria,Zanahoria
Bucaramanga,D013,Aceite vegetal mezcla,Aceite vegetal mezcla
Bucaramanga,N/A,Acelga,Acelga
Bucaramanga,C002,Aguacate papelillo,Aguacate papelillo
Bucaramanga,B006,Ahuyama,Ahuyama
Bucaramanga,N/A,Ahuyamín (Sakata),Ahuyamín (Sakata)
Bucaramanga,N/A,Ajo importado,Ajo importado
Bucaramanga,N/A,Alas de pollo sin costillar,Alas de pollo sin costillar
Bucaramanga,B014,Apio,Apio
Bucaramanga,B015,Arracacha amarilla,Arracacha amarilla
Bucaramanga,A010,Arroz de primera,Arroz de primera
Bucaramanga,N/A,Arroz excelso,Arroz excelso
Bucaramanga,N/A,Arroz sopa cristal,Arroz sopa cristal
Bucaramanga,N/A,Arveja amarilla seca importada,Arveja amarilla seca importada
Bucaramanga,N/A,Arveja verde en vaina,Arveja verde en vaina
Bucaramanga,T003,Arveja verde seca importada,Arveja
Bucaramanga,A012,Avena en hojuelas,Avena en hojuelas
Bucaramanga,N/A,Azúcar refinada,Azúcar refinada
Bucaramanga,K003,Azúcar sulfitada,Azúcar sulfitada
Bucaramanga,N/A,Bagre rayado entero fresco,Bagre rayado entero fresco
Bucaramanga,C010,Banano criollo,Banano criollo
Bucaramanga,N/A,Banano Urabá,Banano Urabá
Bucaramanga,E007,"Basa, entero congelado importado",Basa
Bucaramanga,N/A,Borojó,Borojó
Bucaramanga,B025,Brócoli,Brócoli
Bucaramanga,N/A,Cachama de cultivo fresca,Cachama de cultivo fresca
Bucaramanga,L006,Café molido,Café molido
Bucaramanga,N/A,Calabacín,Calabacín
Bucaramanga,N/A,"Carne de res, bota",Res bota
Bucaramanga,F100,"Carne de res, cadera",Cadera res
Bucaramanga,N/A,"Carne de res, centro de pierna",Res pierna
Bucaramanga,F099,"Carne de res, chatas",Chatas res
Bucaramanga,F107,"Carne de res, costilla",Costilla res
Bucaramanga,N/A,"Carne de res, lomo fino",Res lomo
Bucaramanga,F118,"Carne de res, muchacho",Muchacho res
Bucaramanga,N/A,"Carne de res, murillo",Res murillo
Bucaramanga,F100,"Carne de res, pecho",Pechho res
Bucaramanga,F100,"Carne de res, punta de anca",Punta de anca res
Bucaramanga,F098,"Carne de res, sobrebarriga",Sobrebarriga res
Bucaramanga,N/A,Cebolla cabezona blanca,Cebolla cabezona blanca
Bucaramanga,B027,Cebolla cabezona roja importada,Cebolla cabezona roja importada
Bucaramanga,N/A,Cebolla cabezona roja ocañera,Cebolla cabezona roja
Bucaramanga,N/A,Cebolla junca,Cebolla junca
Bucaramanga,N/A,Chocolate dulce,Chocolate dulce
Bucaramanga,A053,Chócolo mazorca,Chócolo mazorca
Bucaramanga,N/A,Cilantro,Cilantro
Bucaramanga,N/A,Ciruela roja,Ciruela roja
Bucaramanga,B039,Coliflor,Coliflor
Bucaramanga,N/A,Cuchuco de cebada,Cuchuco de cebada
Bucaramanga,A044,Cuchuco de maíz,Cuchuco de maíz
Bucaramanga,C021,Curuba,Curuba
Bucaramanga,N/A,Durazno nacional,Durazno nacional
Bucaramanga,B044,Espinaca,Espinaca
Bucaramanga,N/A,Fécula de maíz,Fécula de maíz
Bucaramanga,C025,Fresa,Fresa
Bucaramanga,N/A,Fríjol radical,Fríjol radical
Bucaramanga,N/A,Fríjol verde en vaina,Fríjol verde
Bucaramanga,N/A,Galletas dulces redondas con crema,Galletas dulces redondas con crema
Bucaramanga,A027,Galletas saladas,Galletas saladas
Bucaramanga,N/A,Garbanzo importado,Garbanzo importado
Bucaramanga,K018,Gelatina,Gelatina
Bucaramanga,C028,Granadilla,Granadilla
Bucaramanga,C030,Guanábana,Guanábana
Bucaramanga,C032,Guayaba pera,Guayaba pera
Bucaramanga,B052,Habichuela,Habichuela
Bucaramanga,A040,Harina de trigo,Harina de trigo
Bucaramanga,A034,Harina precocida de maíz,Harina precocida de maíz
Bucaramanga,J004,Huevo rojo A,Huevo A
Bucaramanga,N/A,Huevo rojo B,Huevo rojo B
Bucaramanga,N/A,Jugo de frutas,Jugo de frutas
Bucaramanga,C042,Kiwi,Kiwi
Bucaramanga,G008,Leche en polvo,Leche en polvo
Bucaramanga,B059,Lechuga Batavia,Lechuga Batavia
Bucaramanga,B060,Lechuga crespa verde,Lechuga crespa verde
Bucaramanga,T026,Lenteja importada,Lenteja importada
Bucaramanga,C044,Limón común,Limón común
Bucaramanga,C044,Limón Tahití,Limón Tahití
Bucaramanga,E003,Lomitos de atún en lata,Lomitos de atún en lata
Bucaramanga,C045,Lulo,Lulo
Bucaramanga,N/A,Maíz pira,Maíz pira
Bucaramanga,N/A,Mandarina común,Mandarina
Bucaramanga,C052,Mango Tommy,Mango Tommy
Bucaramanga,C054,Manzana roja importada,Manzana roja importada
Bucaramanga,C054,Manzana royal gala importada,Manzana royal
Bucaramanga,C054,Manzana verde importada,Manzana verde importada
Bucaramanga,C056,Maracuyá,Maracuyá
Bucaramanga,D018,Margarina,Margarina
Bucaramanga,D020,Mayonesa doy pack,Mayonesa doy pack
Bucaramanga,C060,Melón Cantalup,Melón Cantalup
Bucaramanga,C061,Mora de Castilla,Mora de Castilla
Bucaramanga,N/A,Muslos de pollo sin rabadilla,Muslos de pollo sin rabadilla
Bucaramanga,N/A,Naranja Valencia,Naranja Valencia
Bucaramanga,N/A,Panela cuadrada blanca,Panela cuadrada
Bucaramanga,N/A,Panela cuadrada morena,Panela cuadrada morena
Bucaramanga,B071,Papa criolla limpia,Papa criolla lavada
Bucaramanga,B074,Papa parda pastusa,Papa parda pastusa
Bucaramanga,B074,Papa única,Papa
Bucaramanga,C065,Papaya Maradol,Papaya Maradol
Bucaramanga,N/A,Papaya Paulina,Papaya Paulina
Bucaramanga,A072,Pastas alimenticias,Pastas alimenticias
Bucaramanga,C079,Patilla,Sandía
Bucaramanga,C079,Patilla baby,Patilla baby
Bucaramanga,F085,Pechuga de pollo,Pechuga de pollo
Bucaramanga,B077,Pepino cohombro,Pepino cohombro
Bucaramanga,C071,Pera importada,Pera importada
Bucaramanga,N/A,Perejil,Perejil
Bucaramanga,F091,Pierna pernil con rabadilla,Pierna pernil con rabadilla
Bucaramanga,N/A,Pierna pernil sin rabadilla,Pierna pernil sin rabadilla
Bucaramanga,F091,Piernas de pollo,Piernas de pollo
Bucaramanga,B080,Pimentón,Pimentón
Bucaramanga,N/A,Pimentón verde,Pimentón verde
Bucaramanga,C072,Piña gold,Piña gold
Bucaramanga,N/A,Piña perolera,Piña perolera
Bucaramanga,N/A,Pitahaya,Pitahaya
Bucaramanga,B092,Plátano hartón verde,Plátano verde
Bucaramanga,G017,Queso campesino,Queso campesino
Bucaramanga,G018,Queso costeño,Queso costeño
Bucaramanga,G016,Queso cuajada,Queso cuajada
Bucaramanga,G021,Queso doble crema,Queso doble crema
Bucaramanga,N/A,Rábano rojo,Rábano rojo
Bucaramanga,N/A,Remolacha,Remolacha
Bucaramanga,B099,Repollo blanco,Repollo blanco
Bucaramanga,N/A,Repollo morado,Repollo morado
Bucaramanga,L015,Sal yodada,Sal yodada
Bucaramanga,L017,Salsa de tomate doy pack,Salsa de tomate doy pack
Bucaramanga,N/A,Tangelo,Tangelo
Bucaramanga,N/A,Tilapia roja entera fresca,Tilapia roja entera fresca
Bucaramanga,C082,Tomate de árbol,Tomate de árbol
Bucaramanga,N/A,Tomate riñón,Tomate
Bucaramanga,N/A,Tomate Riogrande,Tomate Riogrande
Bucaramanga,C085,Uva importada,Uva importada
Bucaramanga,C086,Uva Isabela,Uva Isabela
Bucaramanga,C085,Uva red globe nacional,Uva red globe nacional
Bucaramanga,N/A,Vinagre,Vinagre
Bucaramanga,N/A,Yuca criolla,Yuca
Bucaramanga,B110,Zanahoria,Zanahoria
Cali,D013,Aceite vegetal mezcla,Aceite vegetal mezcla
Cali,C002,Aguacate papelillo,Aguacate papelillo
Cali,B006,Ahuyama,Ahuyama
Cali,N/A,Ajo importado,Ajo importado
Cali,F069,Alas de pollo con costillar,Alas de pollo con costillar
Cali,E001,Almejas con concha,Almejas con concha
Cali,B014,Apio,Apio
Cali,B015,Arracacha amarilla,Arracacha amarilla
Cali,A010,Arroz de primera,Arroz de primera
Cali,B019,Arveja verde en vaina pastusa,Arveja vaina
Cali,T003,Arveja verde seca importada,Arveja
Cali,A012,Avena en hojuelas,Avena en hojuelas
Cali,A029,Avena molida,Avena molida
Cali,K004,Azúcar morena,Azúcar morena
Cali,K003,Azúcar sulfitada,Azúcar sulfitada
Cali,E005,Bagre rayado entero congelado,Bagre
Cali,C010,Banano criollo,Banano criollo
Cali,E007,"Basa, entero congelado importado",Basa
Cali,E030,"Basa, filete congelado importado",Filete basa
Cali,E010,Bocachico importado congelado,Bocachico
Cali,B025,Brócoli,Brócoli
Cali,L005,Café instantáneo,Café instantáneo
Cali,L006,Café molido,Café molido
Cali,E015,Calamar anillos,Calamar anillos
Cali,E015,Calamar blanco entero,Calamar
Cali,E017,Camarón tigre precocido seco,Camarón tigre
Cali,F008,"Carne de cerdo, brazo sin hueso",Brazo cerdo
Cali,F015,"Carne de cerdo, costilla",Costila cerdo
Cali,F015,"Carne de cerdo, espinazo","Carne de cerdo, espinazo"
Cali,F019,"Carne de cerdo, lomo sin hueso",Lomo cerdo
Cali,F025,"Carne de cerdo, pernil sin hueso",Pernil cerdo
Cali,F029,"Carne de cerdo, tocino papada",Papada cerdo
Cali,F118,"Carne de res, bola de brazo",Bola brazo res
Cali,F118,"Carne de res, bola de pierna",Bola pierna res
Cali,F100,"Carne de res, cadera",Cadera res
Cali,F099,"Carne de res, chatas",Chatas res
Cali,F107,"Carne de res, costilla",Costilla res
Cali,F100,"Carne de res, falda",Falda res
Cali,F098,"Carne de res, morrillo",Morrillo res
Cali,F118,"Carne de res, muchacho",Muchacho res
Cali,F100,"Carne de res, pecho",Pechho res
Cali,F100,"Carne de res, punta de anca",Punta de anca res
Cali,F098,"Carne de res, sobrebarriga",Sobrebarriga res
Cali,B027,Cebolla cabezona blanca bogotana,Cebolla cabezona blanca
Cali,B027,Cebolla cabezona roja importada,Cebolla cabezona roja importada
Cali,B029,Cebolla junca Aquitania,Cebolla junca
Cali,B029,Cebolla junca Tenerife,Cebolla junca Tenerife
Cali,L008,Chocolate amargo,Chocolate amargo
Cali,A053,Chócolo mazorca,Chócolo mazorca
Cali,N/A,Cilantro,Cilantro
Cali,C019,Coco,Coco
Cali,B039,Coliflor,Coliflor
Cali,E021,"Corvina, filete congelado nacional",Filete corvina
Cali,A044,Cuchuco de maíz,Cuchuco de maíz
Cali,C021,Curuba,Curuba
Cali,C025,Fresa,Fresa
Cali,T015,Fríjol calima,Fríjol calima
Cali,B046,Fríjol verde cargamanto,Fríjol verde
Cali,A027,Galletas saladas,Galletas saladas
Cali,K018,Gelatina,Gelatina
Cali,C028,Granadilla,Granadilla
Cali,C030,Guanábana,Guanábana
Cali,C032,Guayaba pera,Guayaba pera
Cali,B052,Habichuela,Habichuela
Cali,A040,Harina de trigo,Harina de trigo
Cali,A034,Harina precocida de maíz,Harina precocida de maíz
Cali,J004,Huevo rojo A,Huevo A
Cali,J004,Huevo rojo AA,Huevo AA
Cali,J004,Huevo rojo extra,Huevo AAA
Cali,K018,Jugo instantáneo (sobre),Refesco en polvo
Cali,C042,Kiwi,Kiwi
Cali,E024,Langostino 16-20,Langostino
Cali,E024,Langostino U12,Langostino U12
Cali,G008,Leche en polvo,Leche en polvo
Cali,B059,Lechuga Batavia,Lechuga Batavia
Cali,B060,Lechuga crespa verde,Lechuga crespa verde
Cali,T026,Lenteja importada,Lenteja importada
Cali,C044,Limón común,Limón común
Cali,C044,Limón Tahití,Limón Tahití
Cali,E003,Lomitos de atún en lata,Lomitos de atún en lata
Cali,C045,Lulo,Lulo
Cali,A044,Maíz amarillo trillado,Maíz amarillo trillado
Cali,A046,Maíz blanco trillado,Maíz blanco trillado
Cali,C050,Mandarina Arrayana,Mandarina Arrayana
Cali,C050,Mandarina Oneco,Mandarina
Cali,C051,Mango común,Mango
Cali,C052,Mango Tommy,Mango Tommy
Cali,C054,Manzana roja importada,Manzana roja importada
Cali,C054,Manzana royal gala importada,Manzana royal
Cali,C054,Manzana verde importada,Manzana verde importada
Cali,C056,Maracuyá,Maracuyá
Cali,D018,Margarina,Margarina
Cali,D020,Mayonesa doy pack,Mayonesa doy pack
Cali,C060,Melón Cantalup,Melón Cantalup
Cali,E030,"Merluza, filete importado","Merluza, filete importado"
Cali,E030,"Merluza, filete nacional","Merluza, filete nacional"
Cali,C061,Mora de Castilla,Mora de Castilla
Cali,C062,Naranja Sweet,Naranja Sweet
Cali,K033,Panela redonda morena,Panela redonda morena
Cali,B074,Papa capira,Papa capira
Cali,B071,Papa criolla limpia,Papa criolla lavada
Cali,B071,Papa criolla sucia,Papa criolla sucia
Cali,B074,Papa parda pastusa,Papa parda pastusa
Cali,B074,Papa suprema,Papa suprema
Cali,B074,Papa única,Papa
Cali,C065,Papaya Maradol,Papaya Maradol
Cali,E043,Pargo rojo entero congelado,Pargo
Cali,A072,Pastas alimenticias,Pastas alimenticias
Cali,C079,Patilla,Sandía
Cali,C079,Patilla baby,Patilla baby
Cali,F085,Pechuga de pollo,Pechuga de pollo
Cali,B077,Pepino cohombro,Pepino cohombro
Cali,C071,Pera importada,Pera importada
Cali,E002,Pescado cabezas,Pescado cabezas
Cali,F091,Pierna pernil con rabadilla,Pierna pernil con rabadilla
Cali,F091,Piernas de pollo,Piernas de pollo
Cali,B080,Pimentón,Pimentón
Cali,C072,Piña gold,Piña gold
Cali,C072,Piña manzana,Piña manzana
Cali,B092,Plátano hartón verde,Plátano verde
Cali,F077,Pollo entero congelado sin vísceras,Pollo entero sin vísceras
Cali,G017,Queso campesino,Queso campesino
Cali,G020,Queso Caquetá,Queso Caquetá
Cali,G018,Queso costeño,Queso costeño
Cali,G016,Queso cuajada,Queso cuajada
Cali,G021,Queso doble crema,Queso doble crema
Cali,B098,Remolacha bogotana,Remolacha
Cali,B099,Repollo blanco,Repollo blanco
Cali,L015,Sal yodada,Sal yodada
Cali,E038,"Salmón, filete congelado",Filete salmón
Cali,L017,Salsa de tomate doy pack,Salsa de tomate doy pack
Cali,E039,Sardinas en lata,Sardinas en lata
Cali,E041,Sierra entera congelada,Sierra
Cali,E043,Tilapia roja entera congelada,Tilapia
Cali,E030,"Tilapia, filete congelado","Tilapia, filete congelado"
Cali,B103,Tomate chonto,Tomate chonto
Cali,C082,Tomate de árbol,Tomate de árbol
Cali,B103,Tomate larga vida,Tomate larga vida
Cali,E047,Trucha en corte mariposa,Trucha en corte mariposa
Cali,C085,Uva importada,Uva importada
Cali,C086,Uva Isabela,Uva Isabela
Cali,C085,Uva red globe nacional,Uva red globe nacional
Cali,B107,Yuca ICA,Yuca
Cali,B110,Zanahoria,Zanahoria
Cali,B110,Zanahoria bogotana,Zanahoria
Cartagena,N/A,Aceite girasol,Aceite girasol
Cartagena,D013,Aceite vegetal mezcla,Aceite vegetal mezcla
Cartagena,N/A,Ají topito dulce,Ají topito
Cartagena,N/A,Ajo importado,Ajo importado
Cartagena,F069,Alas de pollo con costillar,Alas de pollo con costillar
Cartagena,B014,Apio,Apio
Cartagena,A010,Arroz de primera,Arroz de primera
Cartagena,N/A,Arroz de segunda,Arroz de segunda
Cartagena,N/A,Arroz excelso,Arroz excelso
Cartagena,T003,Arveja verde seca importada,Arveja
Cartagena,N/A,Azúcar refinada,Azúcar refinada
Cartagena,K003,Azúcar sulfitada,Azúcar sulfitada
Cartagena,E007,"Basa, entero congelado importado",Basa
Cartagena,E010,Bocachico importado congelado,Bocachico
Cartagena,B025,Brócoli,Brócoli
Cartagena,L005,Café instantáneo,Café instantáneo
Cartagena,F008,"Carne de cerdo, brazo sin hueso",Brazo cerdo
Cartagena,F015,"Carne de cerdo, costilla",Costila cerdo
Cartagena,F019,"Carne de cerdo, lomo sin hueso",Lomo cerdo
Cartagena,N/A,"Carne de cerdo, pernil con hueso",Cerdo pernil
Cartagena,F118,"Carne de res, bola de brazo",Bola brazo res
Cartagena,F118,"Carne de res, bola de pierna",Bola pierna res
Cartagena,N/A,"Carne de res, bota",Res bota
Cartagena,F100,"Carne de res, cadera",Cadera res
Cartagena,N/A,"Carne de res, centro de pierna",Res pierna
Cartagena,F099,"Carne de res, chatas",Chatas res
Cartagena,F107,"Carne de res, costilla",Costilla res
Cartagena,F100,"Carne de res, falda",Falda res
Cartagena,N/A,"Carne de res, lomo fino",Res lomo
Cartagena,F118,"Carne de res, muchacho",Muchacho res
Cartagena,F100,"Carne de res, punta de anca",Punta de anca res
Cartagena,F098,"Carne de res, sobrebarriga",Sobrebarriga res
Cartagena,N/A,Cebolla cabezona blanca,Cebolla cabezona blanca
Cartagena,N/A,Cebolla cabezona roja,Cebolla cabezona roja
Cartagena,B027,Cebolla cabezona roja importada,Cebolla cabezona roja importada
Cartagena,N/A,Cebolla junca Berlín,Cebolla junca
Cartagena,N/A,Chocolate dulce,Chocolate dulce
Cartagena,A053,Chócolo mazorca,Chócolo mazorca
Cartagena,N/A,Cilantro,Cilantro
Cartagena,C019,Coco,Coco
Cartagena,B039,Coliflor,Coliflor
Cartagena,B044,Espinaca,Espinaca
Cartagena,N/A,Fécula de maíz,Fécula de maíz
Cartagena,N/A,Fríjol cabeza negra importado,Fríjol cabeza negra
Cartagena,N/A,Fríjol palomito importado,Fríjol palomito
Cartagena,N/A,Fríjol Zaragoza,Fríjol
Cartagena,N/A,Galletas dulces redondas con crema,Galletas dulces redondas con crema
Cartagena,A027,Galletas saladas,Galletas saladas
Cartagena,K018,Gelatina,Gelatina
Cartagena,N/A,Guayaba común,Guayaba
Cartagena,C032,Guayaba pera,Guayaba pera
Cartagena,B052,Habichuela,Habichuela
Cartagena,A040,Harina de trigo,Harina de trigo
Cartagena,A034,Harina precocida de maíz,Harina precocida de maíz
Cartagena,J004,Huevo rojo A,Huevo A
Cartagena,J004,Huevo rojo AA,Huevo AA
Cartagena,N/A,Jugo de frutas,Jugo de frutas
Cartagena,K018,Jugo instantáneo (sobre),Refesco en polvo
Cartagena,B059,Lechuga Batavia,Lechuga Batavia
Cartagena,T026,Lenteja importada,Lenteja importada
Cartagena,C044,Limón común,Limón común
Cartagena,C044,Limón Tahití,Limón Tahití
Cartagena,C045,Lulo,Lulo
Cartagena,A044,Maíz amarillo trillado,Maíz amarillo trillado
Cartagena,A046,Maíz blanco trillado,Maíz blanco trillado
Cartagena,N/A,Mandarina común,Mandarina
Cartagena,C052,Mango Tommy,Mango Tommy
Cartagena,C054,Manzana roja importada,Manzana roja importada
Cartagena,C054,Manzana verde importada,Manzana verde importada
Cartagena,D020,Mayonesa doy pack,Mayonesa doy pack
Cartagena,N/A,Mojarra lora entera fresca,Mojarra
Cartagena,C061,Mora de Castilla,Mora de Castilla
Cartagena,N/A,Naranja común,Naranja
Cartagena,N/A,Naranja Valencia,Naranja Valencia
Cartagena,N/A,Ñame espino,Ñame
Cartagena,N/A,Panela redonda blanca,Panela redonda blanca
Cartagena,B071,Papa criolla limpia,Papa criolla lavada
Cartagena,B074,Papa única,Papa
Cartagena,N/A,Papaya tainung,Papaya tainung
Cartagena,A072,Pastas alimenticias,Pastas alimenticias
Cartagena,C079,Patilla,Sandía
Cartagena,F085,Pechuga de pollo,Pechuga de pollo
Cartagena,B077,Pepino cohombro,Pepino cohombro
Cartagena,C071,Pera importada,Pera importada
Cartagena,F091,Pierna pernil con rabadilla,Pierna pernil con rabadilla
Cartagena,B080,Pimentón,Pimentón
Cartagena,C072,Piña gold,Piña gold
Cartagena,B092,Plátano hartón verde,Plátano verde
Cartagena,F077,Pollo entero congelado sin vísceras,Pollo entero sin vísceras
Cartagena,G018,Queso costeño,Queso costeño
Cartagena,N/A,Rábano rojo,Rábano rojo
Cartagena,N/A,Remolacha,Remolacha
Cartagena,B099,Repollo blanco,Repollo blanco
Cartagena,L015,Sal yodada,Sal yodada
Cartagena,L017,Salsa de tomate doy pack,Salsa de tomate doy pack
Cartagena,E039,Sardinas en lata,Sardinas en lata
Cartagena,E041,Sierra entera congelada,Sierra
Cartagena,N/A,Tilapia roja entera fresca,Tilapia roja entera fresca
Cartagena,B103,Tomate chonto,Tomate chonto
Cartagena,C082,Tomate de árbol,Tomate de árbol
Cartagena,C085,Uva red globe nacional,Uva red globe nacional
Cartagena,N/A,Vinagre,Vinagre
Cartagena,N/A,Yuca criolla,Yuca
Cartagena,B110,Zanahoria bogotana,Zanahoria
Cúcuta,N/A,Aceite de palma,Aceite de palma
Cúcuta,B006,Ahuyama,Ahuyama
Cúcuta,N/A,Ajo,Ajo
Cúcuta,N/A,Ajo importado,Ajo importado
Cúcuta,N/A,Alas de pollo sin costillar,Alas de pollo sin costillar
Cúcuta,B014,Apio,Apio
Cúcuta,B015,Arracacha amarilla,Arracacha amarilla
Cúcuta,A010,Arroz de primera,Arroz de primera
Cúcuta,N/A,Arveja amarilla seca importada,Arveja amarilla seca importada
Cúcuta,N/A,Arveja verde en vaina,Arveja verde en vaina
Cúcuta,T003,Arveja verde seca importada,Arveja
Cúcuta,A012,Avena en hojuelas,Avena en hojuelas
Cúcuta,N/A,Azúcar refinada,Azúcar refinada
Cúcuta,N/A,Bagre rayado entero fresco,Bagre rayado entero fresco
Cúcuta,C010,Banano criollo,Banano criollo
Cúcuta,E007,"Basa, entero congelado importado",Basa
Cúcuta,N/A,Bocachico criollo fresco,Bocachico criollo fresco
Cúcuta,N/A,Bocadillo veleño,Bocadillo veleño
Cúcuta,N/A,Borojó,Borojó
Cúcuta,B025,Brócoli,Brócoli
Cúcuta,N/A,Cachama de cultivo fresca,Cachama de cultivo fresca
Cúcuta,L005,Café instantáneo,Café instantáneo
Cúcuta,L006,Café molido,Café molido
Cúcuta,N/A,Calabaza,Calabaza
Cúcuta,N/A,"Carne de cerdo, brazo con hueso",Cerdo brazo
Cúcuta,N/A,"Carne de cerdo, cabeza de lomo",Cerdo lomo
Cúcuta,F015,"Carne de cerdo, costilla",Costila cerdo
Cúcuta,F015,"Carne de cerdo, espinazo","Carne de cerdo, espinazo"
Cúcuta,N/A,"Carne de cerdo, lomo con hueso",Cerdo lomo
Cúcuta,F019,"Carne de cerdo, lomo sin hueso",Lomo cerdo
Cúcuta,N/A,"Carne de cerdo, pernil con hueso",Cerdo pernil
Cúcuta,F025,"Carne de cerdo, pernil sin hueso",Pernil cerdo
Cúcuta,F029,"Carne de cerdo, tocino papada",Papada cerdo
Cúcuta,F118,"Carne de res, bola de brazo",Bola brazo res
Cúcuta,F118,"Carne de res, bola de pierna",Bola pierna res
Cúcuta,N/A,"Carne de res, bota",Res bota
Cúcuta,F100,"Carne de res, cadera",Cadera res
Cúcuta,N/A,"Carne de res, centro de pierna",Res pierna
Cúcuta,F099,"Carne de res, chatas",Chatas res
Cúcuta,F107,"Carne de res, costilla",Costilla res
Cúcuta,F100,"Carne de res, falda",Falda res
Cúcuta,N/A,"Carne de res, lomo de brazo",Res brazo
Cúcuta,N/A,"Carne de res, lomo fino",Res lomo
Cúcuta,F098,"Carne de res, morrillo",Morrillo res
Cúcuta,F118,"Carne de res, muchacho",Muchacho res
Cúcuta,N/A,"Carne de res, murillo",Res murillo
Cúcuta,N/A,"Carne de res, paletero",Res paletero
Cúcuta,F100,"Carne de res, pecho",Pechho res
Cúcuta,F100,"Carne de res, punta de anca",Punta de anca res
Cúcuta,F098,"Carne de res, sobrebarriga",Sobrebarriga res
Cúcuta,N/A,Cebolla cabezona blanca,Cebolla cabezona blanca
Cúcuta,N/A,Cebolla cabezona roja,Cebolla cabezona roja
Cúcuta,N/A,Cebolla junca Berlín,Cebolla junca
Cúcuta,N/A,Cebolla puerro,Cebolla puerro
Cúcuta,N/A,Chocolate dulce,Chocolate dulce
Cúcuta,A053,Chócolo mazorca,Chócolo mazorca
Cúcuta,N/A,Cilantro,Cilantro
Cúcuta,N/A,Ciruela roja,Ciruela roja
Cúcuta,B039,Coliflor,Coliflor
Cúcuta,C021,Curuba,Curuba
Cúcuta,N/A,Durazno nacional,Durazno nacional
Cúcuta,B044,Espinaca,Espinaca
Cúcuta,N/A,Fécula de maíz,Fécula de maíz
Cúcuta,C025,Fresa,Fresa
Cúcuta,N/A,Fríjol verde bolo,Fríjol verde
Cúcuta,N/A,Fríjol Zaragoza,Fríjol
Cúcuta,N/A,Galletas dulces redondas con crema,Galletas dulces redondas con crema
Cúcuta,A027,Galletas saladas,Galletas saladas
Cúcuta,N/A,Garbanzo importado,Garbanzo importado
Cúcuta,K018,Gelatina,Gelatina
Cúcuta,C028,Granadilla,Granadilla
Cúcuta,C030,Guanábana,Guanábana
Cúcuta,C032,Guayaba pera,Guayaba pera
Cúcuta,B052,Habichuela,Habichuela
Cúcuta,A040,Harina de trigo,Harina de trigo
Cúcuta,A034,Harina precocida de maíz,Harina precocida de maíz
Cúcuta,J004,Huevo rojo A,Huevo A
Cúcuta,J004,Huevo rojo AA,Huevo AA
Cúcuta,N/A,Huevo rojo B,Huevo rojo B
Cúcuta,J004,Huevo rojo extra,Huevo AAA
Cúcuta,C042,Kiwi,Kiwi
Cúcuta,G008,Leche en polvo,Leche en polvo
Cúcuta,B059,Lechuga Batavia,Lechuga Batavia
Cúcuta,B060,Lechuga crespa verde,Lechuga crespa verde
Cúcuta,T026,Lenteja importada,Lenteja importada
Cúcuta,C044,Limón común,Limón común
Cúcuta,C044,Limón Tahití,Limón Tahití
Cúcuta,E003,Lomitos de atún en lata,Lomitos de atún en lata
Cúcuta,C045,Lulo,Lulo
Cúcuta,A046,Maíz blanco trillado,Maíz blanco trillado
Cúcuta,N/A,Maíz pira,Maíz pira
Cúcuta,N/A,Mandarina común,Mandarina
Cúcuta,C052,Mango Tommy,Mango Tommy
Cúcuta,N/A,Manteca,Manteca
Cúcuta,C054,Manzana roja importada,Manzana roja importada
Cúcuta,C054,Manzana royal gala importada,Manzana royal
Cúcuta,C054,Manzana verde importada,Manzana verde importada
Cúcuta,C056,Maracuyá,Maracuyá
Cúcuta,D020,Mayonesa doy pack,Mayonesa doy pack
Cúcuta,C060,Melón Cantalup,Melón Cantalup
Cúcuta,C061,Mora de Castilla,Mora de Castilla
Cúcuta,N/A,Naranja común,Naranja
Cúcuta,N/A,Panela cuadrada morena,Panela cuadrada morena
Cúcuta,B071,Papa criolla limpia,Papa criolla lavada
Cúcuta,N/A,Papa superior,Papa superior
Cúcuta,B074,Papa única,Papa
Cúcuta,C065,Papaya Maradol,Papaya Maradol
Cúcuta,A072,Pastas alimenticias,Pastas alimenticias
Cúcuta,C079,Patilla,Sandía
Cúcuta,F085,Pechuga de pollo,Pechuga de pollo
Cúcuta,B077,Pepino cohombro,Pepino cohombro
Cúcuta,C071,Pera importada,Pera importada
Cúcuta,N/A,Perejil,Perejil
Cúcuta,F091,Pierna pernil con rabadilla,Pierna pernil con rabadilla
Cúcuta,F091,Piernas de pollo,Piernas de pollo
Cúcuta,B080,Pimentón,Pimentón
Cúcuta,C072,Piña gold,Piña gold
Cúcuta,N/A,Piña perolera,Piña perolera
Cúcuta,N/A,Pitahaya,Pitahaya
Cúcuta,N/A,Plátano hartón maduro,Plátano maduro
Cúcuta,B092,Plátano hartón verde,Plátano verde
Cúcuta,N/A,Pollo entero fresco sin vísceras,Pollo entero fresco sin vísceras
Cúcuta,G017,Queso campesino,Queso campesino
Cúcuta,G018,Queso costeño,Queso costeño
Cúcuta,G016,Queso cuajada,Queso cuajada
Cúcuta,G021,Queso doble crema,Queso doble crema
Cúcuta,N/A,Remolacha regional,Remolacha
Cúcuta,N/A,Repollo morado,Repollo morado
Cúcuta,N/A,Repollo verde,Repollo verde
Cúcuta,L015,Sal yodada,Sal yodada
Cúcuta,L017,Salsa de tomate doy pack,Salsa de tomate doy pack
Cúcuta,E039,Sardinas en lata,Sardinas en lata
Cúcuta,N/A,Tilapia roja entera fresca,Tilapia roja entera fresca
Cúcuta,B103,Tomate chonto,Tomate chonto
Cúcuta,C082,Tomate de árbol,Tomate de árbol
Cúcuta,N/A,Tomate Riogrande,Tomate Riogrande
Cúcuta,N/A,Uchuva con cáscara,Uchuva con cáscara
Cúcuta,C085,Uva importada,Uva importada
Cúcuta,C086,Uva Isabela,Uva Isabela
Cúcuta,N/A,Vinagre,Vinagre
Cúcuta,N/A,Yuca criolla,Yuca
Cúcuta,B110,Zanahoria,Zanahoria
Cúcuta,B110,Zanahoria bogotana,Zanahoria
Ibagué,D013,Aceite vegetal mezcla,Aceite vegetal mezcla
Ibagué,N/A,Acelga,Acelga
Ibagué,C002,Aguacate común,Aguacate común
Ibagué,C002,Aguacate papelillo,Aguacate papelillo
Ibagué,B006,Ahuyama,Ahuyama
Ibagué,N/A,Ahuyamín (Sakata),Ahuyamín (Sakata)
Ibagué,N/A,Ajo importado,Ajo importado
Ibagué,F069,Alas de pollo con costillar,Alas de pollo con costillar
Ibagué,B014,Apio,Apio
Ibagué,B015,Arracacha amarilla,Arracacha amarilla
Ibagué,N/A,Arroz excelso,Arroz excelso
Ibagué,N/A,Arveja amarilla seca importada,Arveja amarilla seca importada
Ibagué,N/A,Arveja verde en vaina,Arveja verde en vaina
Ibagué,A012,Avena en hojuelas,Avena en hojuelas
Ibagué,A029,Avena molida,Avena molida
Ibagué,K004,Azúcar morena,Azúcar morena
Ibagué,N/A,Azúcar refinada,Azúcar refinada
Ibagué,K003,Azúcar sulfitada,Azúcar sulfitada
Ibagué,N/A,Bagre rayado entero fresco,Bagre rayado entero fresco
Ibagué,C010,Banano criollo,Banano criollo
Ibagué,N/A,Breva,Breva
Ibagué,B025,Brócoli,Brócoli
Ibagué,N/A,Cachama de cultivo fresca,Cachama de cultivo fresca
Ibagué,L006,Café molido,Café molido
Ibagué,F008,"Carne de cerdo, brazo sin hueso",Brazo cerdo
Ibagué,N/A,"Carne de cerdo, cabeza de lomo",Cerdo lomo
Ibagué,F015,"Carne de cerdo, costilla",Costila cerdo
Ibagué,F019,"Carne de cerdo, lomo sin hueso",Lomo cerdo
Ibagué,N/A,"Carne de cerdo, pernil con hueso",Cerdo pernil
Ibagué,F025,"Carne de cerdo, pernil sin hueso",Pernil cerdo
Ibagué,N/A,"Carne de cerdo, tocino barriga",Cerdo tocino
Ibagué,F029,"Carne de cerdo, tocino papada",Papada cerdo
Ibagué,N/A,"Carne de res molida, murillo","Carne de res molida, murillo"
Ibagué,F118,"Carne de res, bola de brazo",Bola brazo res
Ibagué,F118,"Carne de res, bola de pierna",Bola pierna res
Ibagué,N/A,"Carne de res, bota",Res bota
Ibagué,F100,"Carne de res, cadera",Cadera res
Ibagué,N/A,"Carne de res, centro de pierna",Res pierna
Ibagué,F099,"Carne de res, chatas",Chatas res
Ibagué,N/A,"Carne de res, cogote","Carne de res, cogote"
Ibagué,F107,"Carne de res, costilla",Costilla res
Ibagué,F100,"Carne de res, falda",Falda res
Ibagué,N/A,"Carne de res, lomo fino",Res lomo
Ibagué,F098,"Carne de res, morrillo",Morrillo res
Ibagué,F118,"Carne de res, muchacho",Muchacho res
Ibagué,N/A,"Carne de res, murillo",Res murillo
Ibagué,N/A,"Carne de res, paletero",Res paletero
Ibagué,F100,"Carne de res, pecho",Pechho res
Ibagué,F100,"Carne de res, punta de anca",Punta de anca res
Ibagué,F098,"Carne de res, sobrebarriga",Sobrebarriga res
Ibagué,N/A,Cebolla cabezona blanca,Cebolla cabezona blanca
Ibagué,B029,Cebolla junca Aquitania,Cebolla junca
Ibagué,L008,Chocolate amargo,Chocolate amargo
Ibagué,N/A,Chocolate dulce,Chocolate dulce
Ibagué,A053,Chócolo mazorca,Chócolo mazorca
Ibagué,N/A,Cilantro,Cilantro
Ibagué,N/A,Color (bolsita),Color
Ibagué,A044,Cuchuco de maíz,Cuchuco de maíz
Ibagué,B044,Espinaca,Espinaca
Ibagué,N/A,Fríjol cargamanto rojo,Fríjol cargamanto rojo
Ibagué,N/A,Fríjol verde en vaina,Fríjol verde
Ibagué,N/A,Galletas dulces redondas con crema,Galletas dulces redondas con crema
Ibagué,A027,Galletas saladas,Galletas saladas
Ibagué,K018,Gelatina,Gelatina
Ibagué,C028,Granadilla,Granadilla
Ibagué,C030,Guanábana,Guanábana
Ibagué,C032,Guayaba pera,Guayaba pera
Ibagué,N/A,Gulupa,Gulupa
Ibagué,B052,Habichuela,Habichuela
Ibagué,A040,Harina de trigo,Harina de trigo
Ibagué,A034,Harina precocida de maíz,Harina precocida de maíz
Ibagué,J004,Huevo rojo A,Huevo A
Ibagué,J004,Huevo rojo AA,Huevo AA
Ibagué,N/A,Huevo rojo B,Huevo rojo B
Ibagué,J004,Huevo rojo extra,Huevo AAA
Ibagué,K018,Jugo instantáneo (sobre),Refesco en polvo
Ibagué,C042,Kiwi,Kiwi
Ibagué,G008,Leche en polvo,Leche en polvo
Ibagué,B059,Lechuga Batavia,Lechuga Batavia
Ibagué,T026,Lenteja importada,Lenteja importada
Ibagué,C044,Limón común,Limón común
Ibagué,C044,Limón mandarino,Limón mandarino
Ibagué,C044,Limón Tahití,Limón Tahití
Ibagué,C045,Lulo,Lulo
Ibagué,A046,Maíz blanco trillado,Maíz blanco trillado
Ibagué,C050,Mandarina Arrayana,Mandarina Arrayana
Ibagué,C050,Mandarina Oneco,Mandarina
Ibagué,C052,Mango Tommy,Mango Tommy
Ibagué,N/A,Manteca,Manteca
Ibagué,C054,Manzana roja importada,Manzana roja importada
Ibagué,C054,Manzana royal gala importada,Manzana royal
Ibagué,C054,Manzana verde importada,Manzana verde importada
Ibagué,C056,Maracuyá,Maracuyá
Ibagué,D018,Margarina,Margarina
Ibagué,D020,Mayonesa doy pack,Mayonesa doy pack
Ibagué,C060,Melón Cantalup,Melón Cantalup
Ibagué,N/A,Menudencias de pollo,Menudencias de pollo
Ibagué,C061,Mora de Castilla,Mora de Castilla
Ibagué,C062,Naranja Sweet,Naranja Sweet
Ibagué,N/A,Panela cuadrada blanca,Panela cuadrada
Ibagué,B071,Papa criolla limpia,Papa criolla lavada
Ibagué,N/A,Papa superior,Papa superior
Ibagué,N/A,Papaya Paulina,Papaya Paulina
Ibagué,A072,Pastas alimenticias,Pastas alimenticias
Ibagué,C079,Patilla,Sandía
Ibagué,F085,Pechuga de pollo,Pechuga de pollo
Ibagué,B077,Pepino cohombro,Pepino cohombro
Ibagué,N/A,Pepino de rellenar,Pepino de rellenar
Ibagué,C071,Pera importada,Pera importada
Ibagué,N/A,Perejil,Perejil
Ibagué,F091,Pierna pernil con rabadilla,Pierna pernil con rabadilla
Ibagué,B080,Pimentón,Pimentón
Ibagué,C072,Piña gold,Piña gold
Ibagué,N/A,Plátano hartón maduro,Plátano maduro
Ibagué,B092,Plátano hartón verde,Plátano verde
Ibagué,N/A,Pollo entero fresco sin vísceras,Pollo entero fresco sin vísceras
Ibagué,G017,Queso campesino,Queso campesino
Ibagué,G021,Queso doble crema,Queso doble crema
Ibagué,N/A,Remolacha,Remolacha
Ibagué,L015,Sal yodada,Sal yodada
Ibagué,L017,Salsa de tomate doy pack,Salsa de tomate doy pack
Ibagué,N/A,Tilapia roja entera fresca,Tilapia roja entera fresca
Ibagué,B103,Tomate chonto,Tomate chonto
Ibagué,C082,Tomate de árbol,Tomate de árbol
Ibagué,N/A,Uchuva con cáscara,Uchuva con cáscara
Ibagué,C086,Uva Isabela,Uva Isabela
Ibagué,C085,Uva red globe nacional,Uva red globe nacional
Ibagué,N/A,Yuca chirosa,Yuca
Ibagué,B110,Zanahoria,Zanahoria
Manizales,D013,Aceite vegetal mezcla,Aceite vegetal mezcla
Manizales,B006,Ahuyama,Ahuyama
Manizales,N/A,Ajo,Ajo
Manizales,N/A,Ajo importado,Ajo importado
Manizales,B014,Apio,Apio
Manizales,N/A,Arracacha blanca,Arracacha
Manizales,A010,Arroz de primera,Arroz de primera
Manizales,N/A,Arveja verde en vaina,Arveja verde en vaina
Manizales,T003,Arveja verde seca importada,Arveja
Manizales,K003,Azúcar sulfitada,Azúcar sulfitada
Manizales,C010,Banano criollo,Banano criollo
Manizales,N/A,Berenjena,Berenjena
Manizales,E010,Bocachico importado congelado,Bocachico
Manizales,B025,Brócoli,Brócoli
Manizales,L006,Café molido,Café molido
Manizales,F015,"Carne de cerdo, costilla",Costila cerdo
Manizales,F015,"Carne de cerdo, espinazo","Carne de cerdo, espinazo"
Manizales,F019,"Carne de cerdo, lomo sin hueso",Lomo cerdo
Manizales,F025,"Carne de cerdo, pernil sin hueso",Pernil cerdo
Manizales,N/A,"Carne de cerdo, tocineta plancha",Cerdo tocineta
Manizales,F029,"Carne de cerdo, tocino papada",Papada cerdo
Manizales,F118,"Carne de res, bola de brazo",Bola brazo res
Manizales,F118,"Carne de res, bola de pierna",Bola pierna res
Manizales,N/A,"Carne de res, bota",Res bota
Manizales,F100,"Carne de res, cadera",Cadera res
Manizales,N/A,"Carne de res, centro de pierna",Res pierna
Manizales,F107,"Carne de res, costilla",Costilla res
Manizales,F100,"Carne de res, falda",Falda res
Manizales,N/A,"Carne de res, lomo fino",Res lomo
Manizales,F118,"Carne de res, muchacho",Muchacho res
Manizales,N/A,"Carne de res, murillo",Res murillo
Manizales,N/A,"Carne de res, paletero",Res paletero
Manizales,F100,"Carne de res, pecho",Pechho res
Manizales,F100,"Carne de res, punta de anca",Punta de anca res
Manizales,F098,"Carne de res, sobrebarriga",Sobrebarriga res
Manizales,N/A,Cebolla cabezona blanca,Cebolla cabezona blanca
Manizales,N/A,Cebolla junca,Cebolla junca
Manizales,L008,Chocolate amargo,Chocolate amargo
Manizales,A053,Chócolo mazorca,Chócolo mazorca
Manizales,N/A,Cilantro,Cilantro
Manizales,C019,Coco,Coco
Manizales,B039,Coliflor,Coliflor
Manizales,B044,Espinaca,Espinaca
Manizales,C025,Fresa,Fresa
Manizales,N/A,Fríjol cargamanto rojo,Fríjol cargamanto rojo
Manizales,N/A,Fríjol nima calima,Fríjol nima calima
Manizales,N/A,Fríjol verde en vaina,Fríjol verde
Manizales,A027,Galletas saladas,Galletas saladas
Manizales,K018,Gelatina,Gelatina
Manizales,C028,Granadilla,Granadilla
Manizales,C030,Guanábana,Guanábana
Manizales,N/A,Guayaba agria,Guayaba agria
Manizales,N/A,Guayaba manzana,Guayaba manzana
Manizales,C032,Guayaba pera,Guayaba pera
Manizales,B052,Habichuela,Habichuela
Manizales,A040,Harina de trigo,Harina de trigo
Manizales,A034,Harina precocida de maíz,Harina precocida de maíz
Manizales,N/A,Huevo blanco A,Huevo A
Manizales,N/A,Huevo blanco AA,Huevo AA
Manizales,N/A,Huevo blanco extra,Huevo blanco extra
Manizales,C042,Kiwi,Kiwi
Manizales,B059,Lechuga Batavia,Lechuga Batavia
Manizales,T026,Lenteja importada,Lenteja importada
Manizales,C044,Limón Tahití,Limón Tahití
Manizales,C045,Lulo,Lulo
Manizales,N/A,Maíz amarillo cáscara,Maíz amarillo cáscara
Manizales,A046,Maíz blanco trillado,Maíz blanco trillado
Manizales,C050,Mandarina Oneco,Mandarina
Manizales,C052,Mango Tommy,Mango Tommy
Manizales,N/A,Manteca,Manteca
Manizales,C054,Manzana roja importada,Manzana roja importada
Manizales,C054,Manzana royal gala importada,Manzana royal
Manizales,C054,Manzana verde importada,Manzana verde importada
Manizales,C056,Maracuyá,Maracuyá
Manizales,D018,Margarina,Margarina
Manizales,D020,Mayonesa doy pack,Mayonesa doy pack
Manizales,C060,Melón Cantalup,Melón Cantalup
Manizales,C061,Mora de Castilla,Mora de Castilla
Manizales,N/A,Naranja Valencia,Naranja Valencia
Manizales,K033,Panela redonda morena,Panela redonda morena
Manizales,B074,Papa capira,Papa capira
Manizales,B071,Papa criolla limpia,Papa criolla lavada
Manizales,B074,Papa parda pastusa,Papa parda pastusa
Manizales,N/A,Papa R-12 negra,Papa R-12 negra
Manizales,B074,Papa única,Papa
Manizales,C065,Papaya Maradol,Papaya Maradol
Manizales,F085,Pechuga de pollo,Pechuga de pollo
Manizales,B077,Pepino cohombro,Pepino cohombro
Manizales,C071,Pera importada,Pera importada
Manizales,N/A,Perejil,Perejil
Manizales,F091,Piernas de pollo,Piernas de pollo
Manizales,B080,Pimentón,Pimentón
Manizales,C072,Piña gold,Piña gold
Manizales,N/A,Plátano dominico hartón maduro,Plátano maduro
Manizales,N/A,Plátano dominico hartón verde,Plátano verde
Manizales,G017,Queso campesino,Queso campesino
Manizales,G018,Queso costeño,Queso costeño
Manizales,N/A,Rabadillas de pollo,Rabadilla pollo
Manizales,N/A,Rábano rojo,Rábano rojo
Manizales,N/A,Remolacha,Remolacha
Manizales,N/A,Repollo verde,Repollo verde
Manizales,L015,Sal yodada,Sal yodada
Manizales,L017,Salsa de tomate doy pack,Salsa de tomate doy pack
Manizales,E039,Sardinas en lata,Sardinas en lata
Manizales,N/A,Tangelo,Tangelo
Manizales,B103,Tomate chonto,Tomate chonto
Manizales,C082,Tomate de árbol,Tomate de árbol
Manizales,E047,Trucha en corte mariposa,Trucha en corte mariposa
Manizales,C085,Uva red globe nacional,Uva red globe nacional
Manizales,B107,Yuca ICA,Yuca
Manizales,B110,Zanahoria bogotana,Zanahoria
Medellin,N/A,Aceite de palma,Aceite de palma
Medellin,N/A,Aceite girasol,Aceite girasol
Medellin,D013,Aceite vegetal mezcla,Aceite vegetal mezcla
Medellin,N/A,Acelga,Acelga
Medellin,N/A,Aguacate Hass,Aguacate Hass
Medellin,C002,Aguacate papelillo,Aguacate papelillo
Medellin,B006,Ahuyama,Ahuyama
Medellin,N/A,Ají topito dulce,Ají topito
Medellin,N/A,Ajo,Ajo
Medellin,N/A,Ajo importado,Ajo importado
Medellin,N/A,Alas de pollo sin costillar,Alas de pollo sin costillar
Medellin,E001,Almejas con concha,Almejas con concha
Medellin,E001,Almejas sin concha,Almejas sin concha
Medellin,B014,Apio,Apio
Medellin,N/A,Arracacha blanca,Arracacha
Medellin,A010,Arroz de primera,Arroz de primera
Medellin,N/A,Arveja enlatada,Arveja enlatada
Medellin,N/A,Arveja verde en vaina,Arveja verde en vaina
Medellin,T003,Arveja verde seca importada,Arveja
Medellin,A012,Avena en hojuelas,Avena en hojuelas
Medellin,K004,Azúcar morena,Azúcar morena
Medellin,N/A,Azúcar refinada,Azúcar refinada
Medellin,K003,Azúcar sulfitada,Azúcar sulfitada
Medellin,N/A,Bagre rayado en postas congelado,Bagre rayado en postas congelado
Medellin,E005,Bagre rayado entero congelado,Bagre
Medellin,C009,Banano bocadillo,Banano bocadillo
Medellin,C010,Banano criollo,Banano criollo
Medellin,N/A,Banano Urabá,Banano Urabá
Medellin,E007,"Basa, entero congelado importado",Basa
Medellin,E030,"Basa, filete congelado importado",Filete basa
Medellin,N/A,Berenjena,Berenjena
Medellin,E010,Bocachico importado congelado,Bocachico
Medellin,N/A,Borojó,Borojó
Medellin,N/A,Breva,Breva
Medellin,B025,Brócoli,Brócoli
Medellin,N/A,Cachama de cultivo fresca,Cachama de cultivo fresca
Medellin,L005,Café instantáneo,Café instantáneo
Medellin,L006,Café molido,Café molido
Medellin,N/A,Calabacín,Calabacín
Medellin,N/A,Calabaza,Calabaza
Medellin,E015,Calamar anillos,Calamar anillos
Medellin,E017,Camarón tigre precocido seco,Camarón tigre
Medellin,F008,"Carne de cerdo, brazo sin hueso",Brazo cerdo
Medellin,F015,"Carne de cerdo, costilla",Costila cerdo
Medellin,F015,"Carne de cerdo, espinazo","Carne de cerdo, espinazo"
Medellin,F019,"Carne de cerdo, lomo sin hueso",Lomo cerdo
Medellin,F025,"Carne de cerdo, pernil sin hueso",Pernil cerdo
Medellin,N/A,"Carne de cerdo, tocino barriga",Cerdo tocino
Medellin,F029,"Carne de cerdo, tocino papada",Papada cerdo
Medellin,F118,"Carne de res, bola de brazo",Bola brazo res
Medellin,F118,"Carne de res, bola de pierna",Bola pierna res
Medellin,N/A,"Carne de res, bota",Res bota
Medellin,F100,"Carne de res, cadera",Cadera res
Medellin,N/A,"Carne de res, centro de pierna",Res pierna
Medellin,F099,"Carne de res, chatas",Chatas res
Medellin,F107,"Carne de res, costilla",Costilla res
Medellin,F100,"Carne de res, falda",Falda res
Medellin,N/A,"Carne de res, lomo fino",Res lomo
Medellin,F098,"Carne de res, morrillo",Morrillo res
Medellin,F118,"Carne de res, muchacho",Muchacho res
Medellin,N/A,"Carne de res, murillo",Res murillo
Medellin,N/A,"Carne de res, paletero",Res paletero
Medellin,F100,"Carne de res, pecho",Pechho res
Medellin,F100,"Carne de res, punta de anca",Punta de anca res
Medellin,F098,"Carne de res, sobrebarriga",Sobrebarriga res
Medellin,N/A,Cazuela de mariscos (paquete),Cazuela de mariscos (paquete)
Medellin,N/A,Cebolla cabezona blanca,Cebolla cabezona blanca
Medellin,B027,Cebolla cabezona roja importada,Cebolla cabezona roja importada
Medellin,N/A,Cebolla junca,Cebolla junca
Medellin,N/A,Cebolla puerro,Cebolla puerro
Medellin,L008,Chocolate amargo,Chocolate amargo
Medellin,N/A,Chocolate instantáneo,Chocolate instantáneo
Medellin,A053,Chócolo mazorca,Chócolo mazorca
Medellin,N/A,Cidra,Cidra
Medellin,N/A,Cilantro,Cilantro
Medellin,N/A,Ciruela roja,Ciruela roja
Medellin,C019,Coco,Coco
Medellin,N/A,Coles,Coles
Medellin,B039,Coliflor,Coliflor
Medellin,N/A,Color (bolsita),Color
Medellin,C021,Curuba,Curuba
Medellin,N/A,Durazno importado,Durazno importado
Medellin,N/A,Durazno nacional,Durazno nacional
Medellin,B044,Espinaca,Espinaca
Medellin,N/A,Fécula de maíz,Fécula de maíz
Medellin,C025,Fresa,Fresa
Medellin,N/A,Fríjol cargamanto blanco,Fríjol blanco
Medellin,N/A,Fríjol cargamanto rojo,Fríjol cargamanto rojo
Medellin,N/A,Fríjol enlatado,Fríjol enlatado
Medellin,N/A,Fríjol nima calima,Fríjol nima calima
Medellin,N/A,Fríjol radical,Fríjol radical
Medellin,N/A,Fríjol Uribe rosado,Fríjol
Medellin,B046,Fríjol verde cargamanto,Fríjol verde
Medellin,A027,Galletas saladas,Galletas saladas
Medellin,N/A,Garbanzo importado,Garbanzo importado
Medellin,K018,Gelatina,Gelatina
Medellin,C028,Granadilla,Granadilla
Medellin,C030,Guanábana,Guanábana
Medellin,N/A,Guayaba manzana,Guayaba manzana
Medellin,C032,Guayaba pera,Guayaba pera
Medellin,N/A,Guayaba pera valluna,Guayaba pera
Medellin,N/A,Gulupa,Gulupa
Medellin,B052,Habichuela,Habichuela
Medellin,A040,Harina de trigo,Harina de trigo
Medellin,N/A,Higo,Higo
Medellin,J004,Huevo rojo A,Huevo A
Medellin,J004,Huevo rojo AA,Huevo AA
Medellin,N/A,Huevo rojo B,Huevo rojo B
Medellin,J004,Huevo rojo extra,Huevo AAA
Medellin,K018,Jugo instantáneo (sobre),Refesco en polvo
Medellin,C042,Kiwi,Kiwi
Medellin,E024,Langostino 16-20,Langostino
Medellin,E024,Langostino U12,Langostino U12
Medellin,G008,Leche en polvo,Leche en polvo
Medellin,B059,Lechuga Batavia,Lechuga Batavia
Medellin,B060,Lechuga crespa verde,Lechuga crespa verde
Medellin,T026,Lenteja importada,Lenteja importada
Medellin,C044,Limón común,Limón común
Medellin,C044,Limón mandarino,Limón mandarino
Medellin,C044,Limón Tahití,Limón Tahití
Medellin,E003,Lomitos de atún en lata,Lomitos de atún en lata
Medellin,C045,Lulo,Lulo
Medellin,N/A,Maíz amarillo cáscara,Maíz amarillo cáscara
Medellin,N/A,Maíz amarillo cáscara importado,Maíz amarillo cáscara importado
Medellin,A044,Maíz amarillo trillado,Maíz amarillo trillado
Medellin,N/A,Maíz blanco cáscara,Maíz blanco cáscara
Medellin,A046,Maíz blanco trillado,Maíz blanco trillado
Medellin,N/A,Maíz enlatado,Maíz enlatado
Medellin,N/A,Maíz pira,Maíz pira
Medellin,C050,Mandarina Oneco,Mandarina
Medellin,C051,Mango común,Mango
Medellin,C052,Mango Tommy,Mango Tommy
Medellin,N/A,Mango Yulima,Mango Yulima
Medellin,N/A,Manzana nacional,Manzana nacional
Medellin,C054,Manzana roja importada,Manzana roja importada
Medellin,C054,Manzana royal gala importada,Manzana royal
Medellin,C054,Manzana verde importada,Manzana verde importada
Medellin,C056,Maracuyá,Maracuyá
Medellin,N/A,Maracuyá antioqueño,Maracuyá
Medellin,D018,Margarina,Margarina
Medellin,D020,Mayonesa doy pack,Mayonesa doy pack
Medellin,C060,Melón Cantalup,Melón Cantalup
Medellin,E030,"Merluza, filete importado","Merluza, filete importado"
Medellin,C061,Mora de Castilla,Mora de Castilla
Medellin,N/A,Muslos de pollo con rabadilla,Muslos de pollo con rabadilla
Medellin,N/A,Muslos de pollo sin rabadilla,Muslos de pollo sin rabadilla
Medellin,N/A,Naranja Valencia,Naranja Valencia
Medellin,N/A,Palmitos de mar,Palmitos de mar
Medellin,N/A,Panela cuadrada blanca,Panela cuadrada
Medellin,N/A,Panela redonda blanca,Panela redonda blanca
Medellin,K033,Panela redonda morena,Panela redonda morena
Medellin,B074,Papa capira,Papa capira
Medellin,B071,Papa criolla limpia,Papa criolla lavada
Medellin,N/A,Papa nevada,Papa
Medellin,N/A,Papa R-12 negra,Papa R-12 negra
Medellin,C065,Papaya Maradol,Papaya Maradol
Medellin,N/A,Papaya Paulina,Papaya Paulina
Medellin,N/A,Papaya tainung,Papaya tainung
Medellin,E043,Pargo rojo entero congelado,Pargo
Medellin,A072,Pastas alimenticias,Pastas alimenticias
Medellin,C079,Patilla,Sandía
Medellin,C079,Patilla baby,Patilla baby
Medellin,F085,Pechuga de pollo,Pechuga de pollo
Medellin,B077,Pepino cohombro,Pepino cohombro
Medellin,N/A,Pepino de rellenar,Pepino de rellenar
Medellin,C071,Pera importada,Pera importada
Medellin,N/A,Pera nacional,Pera nacional
Medellin,N/A,Perejil,Perejil
Medellin,F091,Pierna pernil con rabadilla,Pierna pernil con rabadilla
Medellin,F091,Piernas de pollo,Piernas de pollo
Medellin,B080,Pimentón,Pimentón
Medellin,N/A,Pimentón verde,Pimentón verde
Medellin,C072,Piña gold,Piña gold
Medellin,N/A,Pitahaya,Pitahaya
Medellin,N/A,Plátano comino,Plátano comino
Medellin,N/A,Plátano dominico verde,Plátano verde
Medellin,N/A,Plátano guineo,Plátano guineo
Medellin,N/A,Plátano hartón maduro,Plátano maduro
Medellin,B092,Plátano hartón verde,Plátano verde
Medellin,N/A,Plátano hartón verde Eje Cafetero,Plátano verde
Medellin,F077,Pollo entero congelado sin vísceras,Pollo entero sin vísceras
Medellin,G017,Queso campesino,Queso campesino
Medellin,G018,Queso costeño,Queso costeño
Medellin,G016,Queso cuajada,Queso cuajada
Medellin,G021,Queso doble crema,Queso doble crema
Medellin,N/A,Rábano rojo,Rábano rojo
Medellin,N/A,Remolacha,Remolacha
Medellin,B099,Repollo blanco,Repollo blanco
Medellin,N/A,Repollo morado,Repollo morado
Medellin,N/A,"Róbalo, filete congelado","Róbalo, filete congelado"
Medellin,L015,Sal yodada,Sal yodada
Medellin,E038,"Salmón, filete congelado",Filete salmón
Medellin,L017,Salsa de tomate doy pack,Salsa de tomate doy pack
Medellin,E039,Sardinas en lata,Sardinas en lata
Medellin,E041,Sierra entera congelada,Sierra
Medellin,E043,Tilapia roja entera congelada,Tilapia
Medellin,E030,"Tilapia, filete congelado","Tilapia, filete congelado"
Medellin,N/A,"Tilapia, lomitos","Tilapia, lomitos"
Medellin,N/A,Tomate chonto regional,Tomate chonto regional
Medellin,C082,Tomate de árbol,Tomate de árbol
Medellin,B103,Tomate larga vida,Tomate larga vida
Medellin,E047,Trucha en corte mariposa,Trucha en corte mariposa
Medellin,N/A,Uchuva con cáscara,Uchuva con cáscara
Medellin,C085,Uva importada,Uva importada
Medellin,C086,Uva Isabela,Uva Isabela
Medellin,C085,Uva red globe nacional,Uva red globe nacional
Medellin,N/A,Uva verde,Uva verde
Medellin,N/A,Yuca chirosa,Yuca
Medellin,N/A,Yuca criolla,Yuca
Medellin,N/A,Zanahoria larga vida,Zanahoria larga vida
Montería,N/A,Aceite de palma,Aceite de palma
Montería,N/A,Aceite girasol,Aceite girasol
Montería,C002,Aguacate papelillo,Aguacate papelillo
Montería,B006,Ahuyama,Ahuyama
Montería,N/A,Ají topito dulce,Ají topito
Montería,N/A,Ajo importado,Ajo importado
Montería,F069,Alas de pollo con costillar,Alas de pollo con costillar
Montería,B014,Apio,Apio
Montería,A010,Arroz de primera,Arroz de primera
Montería,N/A,Arroz excelso,Arroz excelso
Montería,N/A,Azúcar refinada,Azúcar refinada
Montería,N/A,Bagre rayado entero fresco,Bagre rayado entero fresco
Montería,N/A,Banano Urabá,Banano Urabá
Montería,N/A,Berenjena,Berenjena
Montería,N/A,Blanquillo entero fresco,Blanquillo
Montería,N/A,Bocachico criollo fresco,Bocachico criollo fresco
Montería,E010,Bocachico importado congelado,Bocachico
Montería,N/A,Cachama de cultivo fresca,Cachama de cultivo fresca
Montería,L006,Café molido,Café molido
Montería,N/A,"Carne de cerdo, brazo con hueso",Cerdo brazo
Montería,F008,"Carne de cerdo, brazo sin hueso",Brazo cerdo
Montería,F015,"Carne de cerdo, costilla",Costila cerdo
Montería,F015,"Carne de cerdo, espinazo","Carne de cerdo, espinazo"
Montería,N/A,"Carne de cerdo, lomo con hueso",Cerdo lomo
Montería,F019,"Carne de cerdo, lomo sin hueso",Lomo cerdo
Montería,N/A,"Carne de cerdo, pernil con hueso",Cerdo pernil
Montería,F025,"Carne de cerdo, pernil sin hueso",Pernil cerdo
Montería,F118,"Carne de res, bola de brazo",Bola brazo res
Montería,F118,"Carne de res, bola de pierna",Bola pierna res
Montería,N/A,"Carne de res, bota",Res bota
Montería,F100,"Carne de res, cadera",Cadera res
Montería,N/A,"Carne de res, centro de pierna",Res pierna
Montería,F099,"Carne de res, chatas",Chatas res
Montería,N/A,"Carne de res, cogote","Carne de res, cogote"
Montería,F107,"Carne de res, costilla",Costilla res
Montería,F100,"Carne de res, falda",Falda res
Montería,N/A,"Carne de res, lomo de brazo",Res brazo
Montería,N/A,"Carne de res, lomo fino",Res lomo
Montería,F098,"Carne de res, morrillo",Morrillo res
Montería,F118,"Carne de res, muchacho",Muchacho res
Montería,N/A,"Carne de res, murillo",Res murillo
Montería,N/A,"Carne de res, paletero",Res paletero
Montería,F100,"Carne de res, pecho",Pechho res
Montería,F100,"Carne de res, punta de anca",Punta de anca res
Montería,F098,"Carne de res, sobrebarriga",Sobrebarriga res
Montería,N/A,Cebolla cabezona blanca,Cebolla cabezona blanca
Montería,B027,Cebolla cabezona roja importada,Cebolla cabezona roja importada
Montería,N/A,Cebolla cabezona roja peruana,Cebolla cabezona roja
Montería,N/A,Cebolla junca,Cebolla junca
Montería,N/A,Chocolate dulce,Chocolate dulce
Montería,A053,Chócolo mazorca,Chócolo mazorca
Montería,N/A,Cilantro,Cilantro
Montería,C019,Coco,Coco
Montería,A044,Cuchuco de maíz,Cuchuco de maíz
Montería,N/A,Fécula de maíz,Fécula de maíz
Montería,C025,Fresa,Fresa
Montería,N/A,Fríjol cabeza negra nacional,Fríjol cabeza negra
Montería,N/A,Fríjol verde en vaina,Fríjol verde
Montería,N/A,Fríjol Zaragoza,Fríjol
Montería,A027,Galletas saladas,Galletas saladas
Montería,N/A,Guayaba agria,Guayaba agria
Montería,N/A,Guayaba común,Guayaba
Montería,B052,Habichuela,Habichuela
Montería,N/A,Habichuela larga,Habichuela larga
Montería,A040,Harina de trigo,Harina de trigo
Montería,A034,Harina precocida de maíz,Harina precocida de maíz
Montería,J004,Huevo rojo A,Huevo A
Montería,J004,Huevo rojo AA,Huevo AA
Montería,N/A,Huevo rojo B,Huevo rojo B
Montería,K018,Jugo instantáneo (sobre),Refesco en polvo
Montería,B059,Lechuga Batavia,Lechuga Batavia
Montería,T026,Lenteja importada,Lenteja importada
Montería,C044,Limón común,Limón común
Montería,E003,Lomitos de atún en lata,Lomitos de atún en lata
Montería,C045,Lulo,Lulo
Montería,N/A,Maíz amarillo cáscara,Maíz amarillo cáscara
Montería,A044,Maíz amarillo trillado,Maíz amarillo trillado
Montería,A046,Maíz blanco trillado,Maíz blanco trillado
Montería,N/A,Maíz pira,Maíz pira
Montería,N/A,Mandarina común,Mandarina
Montería,C050,Mandarina Oneco,Mandarina
Montería,C052,Mango Tommy,Mango Tommy
Montería,C054,Manzana roja importada,Manzana roja importada
Montería,C054,Manzana royal gala importada,Manzana royal
Montería,C054,Manzana verde importada,Manzana verde importada
Montería,N/A,Maracuyá antioqueño,Maracuyá
Montería,N/A,Menudencias de pollo,Menudencias de pollo
Montería,N/A,Mojarra lora entera fresca,Mojarra
Montería,C061,Mora de Castilla,Mora de Castilla
Montería,N/A,Naranja común,Naranja
Montería,N/A,Naranja Valencia,Naranja Valencia
Montería,N/A,Ñame criollo,Ñame
Montería,N/A,Ñame diamante,Ñame
Montería,N/A,Ñame espino,Ñame
Montería,N/A,Panela cuadrada morena,Panela cuadrada morena
Montería,K033,Panela redonda morena,Panela redonda morena
Montería,B074,Papa capira,Papa capira
Montería,B071,Papa criolla limpia,Papa criolla lavada
Montería,N/A,Papa Puracé,Papa
Montería,N/A,Papaya tainung,Papaya tainung
Montería,A072,Pastas alimenticias,Pastas alimenticias
Montería,C079,Patilla,Sandía
Montería,F085,Pechuga de pollo,Pechuga de pollo
Montería,B077,Pepino cohombro,Pepino cohombro
Montería,C071,Pera importada,Pera importada
Montería,F091,Pierna pernil con rabadilla,Pierna pernil con rabadilla
Montería,B080,Pimentón,Pimentón
Montería,C072,Piña gold,Piña gold
Montería,N/A,Piña perolera,Piña perolera
Montería,B092,Plátano hartón verde,Plátano verde
Montería,F077,Pollo entero congelado sin vísceras,Pollo entero sin vísceras
Montería,G017,Queso campesino,Queso campesino
Montería,G018,Queso costeño,Queso costeño
Montería,N/A,Remolacha,Remolacha
Montería,B099,Repollo blanco,Repollo blanco
Montería,L015,Sal yodada,Sal yodada
Montería,L017,Salsa de tomate doy pack,Salsa de tomate doy pack
Montería,E039,Sardinas en lata,Sardinas en lata
Montería,N/A,Tilapia roja entera fresca,Tilapia roja entera fresca
Montería,N/A,Tomate chonto regional,Tomate chonto regional
Montería,C082,Tomate de árbol,Tomate de árbol
Montería,N/A,Tomate riñón valluno,Tomate chonto
Montería,C085,Uva red globe nacional,Uva red globe nacional
Montería,N/A,Vinagre,Vinagre
Montería,N/A,Yuca criolla,Yuca
Montería,N/A,Zanahoria larga vida,Zanahoria larga vida
Montería,C089,Zapote,Zapote
Pasto,N/A,Acelga,Acelga
Pasto,N/A,Ajo,Ajo
Pasto,N/A,Ajo importado,Ajo importado
Pasto,N/A,Arracacha blanca,Arracacha
Pasto,N/A,Arroz blanco importado,Arroz blanco importado
Pasto,A010,Arroz de primera,Arroz de primera
Pasto,B019,Arveja verde en vaina pastusa,Arveja vaina
Pasto,T003,Arveja verde seca importada,Arveja
Pasto,B025,Brócoli,Brócoli
Pasto,F008,"Carne de cerdo, brazo sin hueso",Brazo cerdo
Pasto,F015,"Carne de cerdo, costilla",Costila cerdo
Pasto,F015,"Carne de cerdo, espinazo","Carne de cerdo, espinazo"
Pasto,F019,"Carne de cerdo, lomo sin hueso",Lomo cerdo
Pasto,F025,"Carne de cerdo, pernil sin hueso",Pernil cerdo
Pasto,F118,"Carne de res, bola de brazo",Bola brazo res
Pasto,F118,"Carne de res, bola de pierna",Bola pierna res
Pasto,F100,"Carne de res, cadera",Cadera res
Pasto,F099,"Carne de res, chatas",Chatas res
Pasto,F107,"Carne de res, costilla",Costilla res
Pasto,F100,"Carne de res, falda",Falda res
Pasto,N/A,"Carne de res, lomo de brazo",Res brazo
Pasto,N/A,"Carne de res, lomo fino",Res lomo
Pasto,F098,"Carne de res, morrillo",Morrillo res
Pasto,F118,"Carne de res, muchacho",Muchacho res
Pasto,F100,"Carne de res, pecho",Pechho res
Pasto,F100,"Carne de res, punta de anca",Punta de anca res
Pasto,F098,"Carne de res, sobrebarriga",Sobrebarriga res
Pasto,N/A,Cebolla cabezona blanca pastusa,Cebolla cabezona blanca
Pasto,N/A,Cebolla junca pastusa,Cebolla junca
Pasto,A053,Chócolo mazorca,Chócolo mazorca
Pasto,N/A,Cilantro,Cilantro
Pasto,B039,Coliflor,Coliflor
Pasto,B044,Espinaca,Espinaca
Pasto,C025,Fresa,Fresa
Pasto,B046,Fríjol verde cargamanto,Fríjol verde
Pasto,K018,Gelatina,Gelatina
Pasto,C030,Guanábana,Guanábana
Pasto,C032,Guayaba pera,Guayaba pera
Pasto,B052,Habichuela,Habichuela
Pasto,A040,Harina de trigo,Harina de trigo
Pasto,A034,Harina precocida de maíz,Harina precocida de maíz
Pasto,J004,Huevo rojo A,Huevo A
Pasto,J004,Huevo rojo AA,Huevo AA
Pasto,J004,Huevo rojo extra,Huevo AAA
Pasto,K018,Jugo instantáneo (sobre),Refesco en polvo
Pasto,G008,Leche en polvo,Leche en polvo
Pasto,B059,Lechuga Batavia,Lechuga Batavia
Pasto,T026,Lenteja importada,Lenteja importada
Pasto,C044,Limón Tahití,Limón Tahití
Pasto,C045,Lulo,Lulo
Pasto,C052,Mango Tommy,Mango Tommy
Pasto,C054,Manzana royal gala importada,Manzana royal
Pasto,C054,Manzana verde importada,Manzana verde importada
Pasto,C056,Maracuyá,Maracuyá
Pasto,C060,Melón Cantalup,Melón Cantalup
Pasto,N/A,Menudencias de pollo,Menudencias de pollo
Pasto,C061,Mora de Castilla,Mora de Castilla
Pasto,C062,Naranja Sweet,Naranja Sweet
Pasto,N/A,Panela cuadrada morena,Panela cuadrada morena
Pasto,B074,Papa capira,Papa capira
Pasto,B071,Papa criolla sucia,Papa criolla sucia
Pasto,N/A,Papa ICA-Huila,Papa ICA-Huila
Pasto,N/A,Papa Morasurco,Papa
Pasto,N/A,Papa superior,Papa superior
Pasto,B074,Papa única,Papa
Pasto,C065,Papaya Maradol,Papaya Maradol
Pasto,C079,Patilla,Sandía
Pasto,F085,Pechuga de pollo,Pechuga de pollo
Pasto,B077,Pepino cohombro,Pepino cohombro
Pasto,C071,Pera importada,Pera importada
Pasto,N/A,Perejil,Perejil
Pasto,F091,Pierna pernil con rabadilla,Pierna pernil con rabadilla
Pasto,B080,Pimentón,Pimentón
Pasto,N/A,Plátano hartón verde ecuatoriano,Plátano verde
Pasto,N/A,Pollo entero fresco sin vísceras,Pollo entero fresco sin vísceras
Pasto,B099,Repollo blanco,Repollo blanco
Pasto,L015,Sal yodada,Sal yodada
Pasto,E043,Tilapia roja entera congelada,Tilapia
Pasto,C082,Tomate de árbol,Tomate de árbol
Pasto,B103,Tomate larga vida,Tomate larga vida
Pasto,N/A,Trucha entera fresca,Trucha
Pasto,P077,Ulluco,Ulluco
Pasto,C086,Uva Isabela,Uva Isabela
Pasto,C085,Uva red globe nacional,Uva red globe nacional
Pasto,B107,Yuca ICA,Yuca
Pasto,B110,Zanahoria,Zanahoria
Pereira,D013,Aceite vegetal mezcla,Aceite vegetal mezcla
Pereira,N/A,Acelga,Acelga
Pereira,C002,Aguacate papelillo,Aguacate papelillo
Pereira,B006,Ahuyama,Ahuyama
Pereira,N/A,Ajo,Ajo
Pereira,N/A,Ajo importado,Ajo importado
Pereira,B014,Apio,Apio
Pereira,N/A,Arracacha blanca,Arracacha
Pereira,A010,Arroz de primera,Arroz de primera
Pereira,N/A,Arveja enlatada,Arveja enlatada
Pereira,N/A,Arveja verde en vaina,Arveja verde en vaina
Pereira,T003,Arveja verde seca importada,Arveja
Pereira,A029,Avena molida,Avena molida
Pereira,N/A,Azúcar refinada,Azúcar refinada
Pereira,E005,Bagre rayado entero congelado,Bagre
Pereira,C010,Banano criollo,Banano criollo
Pereira,N/A,Berenjena,Berenjena
Pereira,E010,Bocachico importado congelado,Bocachico
Pereira,B025,Brócoli,Brócoli
Pereira,L006,Café molido,Café molido
Pereira,N/A,Camarón tití precocido seco,Camarón tití precocido seco
Pereira,F008,"Carne de cerdo, brazo sin hueso",Brazo cerdo
Pereira,F015,"Carne de cerdo, costilla",Costila cerdo
Pereira,F015,"Carne de cerdo, espinazo","Carne de cerdo, espinazo"
Pereira,F019,"Carne de cerdo, lomo sin hueso",Lomo cerdo
Pereira,F025,"Carne de cerdo, pernil sin hueso",Pernil cerdo
Pereira,N/A,"Carne de cerdo, tocino barriga",Cerdo tocino
Pereira,F029,"Carne de cerdo, tocino papada",Papada cerdo
Pereira,F118,"Carne de res, bola de brazo",Bola brazo res
Pereira,F118,"Carne de res, bola de pierna",Bola pierna res
Pereira,F100,"Carne de res, cadera",Cadera res
Pereira,N/A,"Carne de res, centro de pierna",Res pierna
Pereira,F099,"Carne de res, chatas",Chatas res
Pereira,N/A,"Carne de res, cogote","Carne de res, cogote"
Pereira,F107,"Carne de res, costilla",Costilla res
Pereira,F100,"Carne de res, falda",Falda res
Pereira,N/A,"Carne de res, lomo de brazo",Res brazo
Pereira,N/A,"Carne de res, lomo fino",Res lomo
Pereira,F098,"Carne de res, morrillo",Morrillo res
Pereira,F118,"Carne de res, muchacho",Muchacho res
Pereira,N/A,"Carne de res, paletero",Res paletero
Pereira,F100,"Carne de res, pecho",Pechho res
Pereira,F100,"Carne de res, punta de anca",Punta de anca res
Pereira,F098,"Carne de res, sobrebarriga",Sobrebarriga res
Pereira,N/A,Cebolla cabezona blanca,Cebolla cabezona blanca
Pereira,N/A,Cebolla cabezona roja,Cebolla cabezona roja
Pereira,N/A,Cebolla junca,Cebolla junca
Pereira,N/A,Cilantro,Cilantro
Pereira,C019,Coco,Coco
Pereira,B039,Coliflor,Coliflor
Pereira,N/A,Color (bolsita),Color
Pereira,C021,Curuba,Curuba
Pereira,B044,Espinaca,Espinaca
Pereira,C025,Fresa,Fresa
Pereira,N/A,Fríjol bolón,Fríjol bolón
Pereira,N/A,Fríjol cargamanto rojo,Fríjol cargamanto rojo
Pereira,N/A,Fríjol Uribe rosado,Fríjol
Pereira,N/A,Fríjol verde en vaina,Fríjol verde
Pereira,A027,Galletas saladas,Galletas saladas
Pereira,N/A,Garbanzo importado,Garbanzo importado
Pereira,K018,Gelatina,Gelatina
Pereira,C028,Granadilla,Granadilla
Pereira,C030,Guanábana,Guanábana
Pereira,N/A,Guayaba agria,Guayaba agria
Pereira,C032,Guayaba pera,Guayaba pera
Pereira,B052,Habichuela,Habichuela
Pereira,A040,Harina de trigo,Harina de trigo
Pereira,A034,Harina precocida de maíz,Harina precocida de maíz
Pereira,N/A,Huevo blanco A,Huevo A
Pereira,N/A,Huevo blanco AA,Huevo AA
Pereira,N/A,Huevo blanco B,Huevo blanco B
Pereira,N/A,Huevo blanco extra,Huevo blanco extra
Pereira,C042,Kiwi,Kiwi
Pereira,G008,Leche en polvo,Leche en polvo
Pereira,B059,Lechuga Batavia,Lechuga Batavia
Pereira,T026,Lenteja importada,Lenteja importada
Pereira,C044,Limón común,Limón común
Pereira,C044,Limón mandarino,Limón mandarino
Pereira,C044,Limón Tahití,Limón Tahití
Pereira,E003,Lomitos de atún en lata,Lomitos de atún en lata
Pereira,C045,Lulo,Lulo
Pereira,A044,Maíz amarillo trillado,Maíz amarillo trillado
Pereira,A046,Maíz blanco trillado,Maíz blanco trillado
Pereira,C050,Mandarina Oneco,Mandarina
Pereira,C051,Mango común,Mango
Pereira,N/A,Mango manzano,Mango manzano
Pereira,C052,Mango Tommy,Mango Tommy
Pereira,N/A,Mango Yulima,Mango Yulima
Pereira,C054,Manzana roja importada,Manzana roja importada
Pereira,C054,Manzana royal gala importada,Manzana royal
Pereira,C054,Manzana verde importada,Manzana verde importada
Pereira,C056,Maracuyá,Maracuyá
Pereira,D018,Margarina,Margarina
Pereira,C060,Melón Cantalup,Melón Cantalup
Pereira,C061,Mora de Castilla,Mora de Castilla
Pereira,C062,Naranja Sweet,Naranja Sweet
Pereira,N/A,Naranja Valencia,Naranja Valencia
Pereira,K033,Panela redonda morena,Panela redonda morena
Pereira,B074,Papa capira,Papa capira
Pereira,B071,Papa criolla limpia,Papa criolla lavada
Pereira,N/A,Papa nevada,Papa
Pereira,B074,Papa parda pastusa,Papa parda pastusa
Pereira,N/A,Papa rubí,Papa rubí
Pereira,B074,Papa única,Papa
Pereira,C065,Papaya Maradol,Papaya Maradol
Pereira,E043,Pargo rojo entero congelado,Pargo
Pereira,A072,Pastas alimenticias,Pastas alimenticias
Pereira,C079,Patilla,Sandía
Pereira,C079,Patilla baby,Patilla baby
Pereira,B077,Pepino cohombro,Pepino cohombro
Pereira,C071,Pera importada,Pera importada
Pereira,E002,Pescado cabezas,Pescado cabezas
Pereira,B080,Pimentón,Pimentón
Pereira,C072,Piña gold,Piña gold
Pereira,N/A,Pitahaya,Pitahaya
Pereira,N/A,Plátano dominico hartón maduro,Plátano maduro
Pereira,N/A,Plátano dominico hartón verde,Plátano verde
Pereira,N/A,Plátano hartón maduro,Plátano maduro
Pereira,B092,Plátano hartón verde,Plátano verde
Pereira,N/A,Remolacha,Remolacha
Pereira,B099,Repollo blanco,Repollo blanco
Pereira,N/A,Repollo blanco bogotano,Repollo
Pereira,L015,Sal yodada,Sal yodada
Pereira,E039,Sardinas en lata,Sardinas en lata
Pereira,E041,Sierra entera congelada,Sierra
Pereira,N/A,Tangelo,Tangelo
Pereira,E043,Tilapia roja entera congelada,Tilapia
Pereira,B103,Tomate chonto,Tomate chonto
Pereira,C082,Tomate de árbol,Tomate de árbol
Pereira,N/A,Tomate riñón valluno,Tomate chonto
Pereira,E047,Trucha en corte mariposa,Trucha en corte mariposa
Pereira,C085,Uva red globe nacional,Uva red globe nacional
Pereira,N/A,Uva roja,Uva roja
Pereira,B107,Yuca ICA,Yuca
Pereira,B110,Zanahoria bogotana,Zanahoria
Villavicencio,D013,Aceite vegetal mezcla,Aceite vegetal mezcla
Villavicencio,N/A,Acelga,Acelga
Villavicencio,C002,Aguacate papelillo,Aguacate papelillo
Villavicencio,N/A,Ahuyamín (Sakata),Ahuyamín (Sakata)
Villavicencio,N/A,Ajo,Ajo
Villavicencio,F069,Alas de pollo con costillar,Alas de pollo con costillar
Villavicencio,B014,Apio,Apio
Villavicencio,B015,Arracacha amarilla,Arracacha amarilla
Villavicencio,A010,Arroz de primera,Arroz de primera
Villavicencio,N/A,Arveja verde en vaina,Arveja verde en vaina
Villavicencio,T003,Arveja verde seca importada,Arveja
Villavicencio,A012,Avena en hojuelas,Avena en hojuelas
Villavicencio,A029,Avena molida,Avena molida
Villavicencio,K004,Azúcar morena,Azúcar morena
Villavicencio,N/A,Azúcar refinada,Azúcar refinada
Villavicencio,K003,Azúcar sulfitada,Azúcar sulfitada
Villavicencio,N/A,Bagre rayado en postas congelado,Bagre rayado en postas congelado
Villavicencio,C010,Banano criollo,Banano criollo
Villavicencio,N/A,Banano Urabá,Banano Urabá
Villavicencio,E007,"Basa, entero congelado importado",Basa
Villavicencio,N/A,Bocachico criollo fresco,Bocachico criollo fresco
Villavicencio,N/A,Bocadillo veleño,Bocadillo veleño
Villavicencio,N/A,Borojó,Borojó
Villavicencio,B025,Brócoli,Brócoli
Villavicencio,N/A,Cachama de cultivo fresca,Cachama de cultivo fresca
Villavicencio,L006,Café molido,Café molido
Villavicencio,N/A,Calabaza,Calabaza
Villavicencio,F008,"Carne de cerdo, brazo sin hueso",Brazo cerdo
Villavicencio,N/A,"Carne de cerdo, cabeza de lomo",Cerdo lomo
Villavicencio,F015,"Carne de cerdo, costilla",Costila cerdo
Villavicencio,N/A,"Carne de cerdo, pernil con hueso",Cerdo pernil
Villavicencio,F025,"Carne de cerdo, pernil sin hueso",Pernil cerdo
Villavicencio,F118,"Carne de res, bola de pierna",Bola pierna res
Villavicencio,N/A,"Carne de res, bota",Res bota
Villavicencio,F100,"Carne de res, cadera",Cadera res
Villavicencio,N/A,"Carne de res, centro de pierna",Res pierna
Villavicencio,F099,"Carne de res, chatas",Chatas res
Villavicencio,F107,"Carne de res, costilla",Costilla res
Villavicencio,N/A,"Carne de res, lomo fino",Res lomo
Villavicencio,F098,"Carne de res, morrillo",Morrillo res
Villavicencio,F118,"Carne de res, muchacho",Muchacho res
Villavicencio,N/A,"Carne de res, murillo",Res murillo
Villavicencio,F100,"Carne de res, punta de anca",Punta de anca res
Villavicencio,F098,"Carne de res, sobrebarriga",Sobrebarriga res
Villavicencio,N/A,Cebolla cabezona blanca,Cebolla cabezona blanca
Villavicencio,N/A,Cebolla junca,Cebolla junca
Villavicencio,N/A,Chocolate dulce,Chocolate dulce
Villavicencio,A053,Chócolo mazorca,Chócolo mazorca
Villavicencio,N/A,Cidra,Cidra
Villavicencio,N/A,Cilantro,Cilantro
Villavicencio,B039,Coliflor,Coliflor
Villavicencio,C021,Curuba,Curuba
Villavicencio,B044,Espinaca,Espinaca
Villavicencio,C025,Fresa,Fresa
Villavicencio,N/A,Fríjol bolón,Fríjol bolón
Villavicencio,N/A,Fríjol cargamanto rojo,Fríjol cargamanto rojo
Villavicencio,B046,Fríjol verde cargamanto,Fríjol verde
Villavicencio,A027,Galletas saladas,Galletas saladas
Villavicencio,N/A,Garbanzo importado,Garbanzo importado
Villavicencio,K018,Gelatina,Gelatina
Villavicencio,C028,Granadilla,Granadilla
Villavicencio,C030,Guanábana,Guanábana
Villavicencio,C032,Guayaba pera,Guayaba pera
Villavicencio,B052,Habichuela,Habichuela
Villavicencio,A040,Harina de trigo,Harina de trigo
Villavicencio,A034,Harina precocida de maíz,Harina precocida de maíz
Villavicencio,J004,Huevo rojo A,Huevo A
Villavicencio,J004,Huevo rojo AA,Huevo AA
Villavicencio,N/A,Huevo rojo B,Huevo rojo B
Villavicencio,J004,Huevo rojo extra,Huevo AAA
Villavicencio,K018,Jugo instantáneo (sobre),Refesco en polvo
Villavicencio,C042,Kiwi,Kiwi
Villavicencio,G008,Leche en polvo,Leche en polvo
Villavicencio,B059,Lechuga Batavia,Lechuga Batavia
Villavicencio,B060,Lechuga crespa verde,Lechuga crespa verde
Villavicencio,T026,Lenteja importada,Lenteja importada
Villavicencio,C044,Limón común,Limón común
Villavicencio,C044,Limón mandarino,Limón mandarino
Villavicencio,C044,Limón Tahití,Limón Tahití
Villavicencio,E003,Lomitos de atún en lata,Lomitos de atún en lata
Villavicencio,C045,Lulo,Lulo
Villavicencio,A046,Maíz blanco trillado,Maíz blanco trillado
Villavicencio,N/A,Maíz pira,Maíz pira
Villavicencio,C050,Mandarina Arrayana,Mandarina Arrayana
Villavicencio,C052,Mango Tommy,Mango Tommy
Villavicencio,C054,Manzana roja importada,Manzana roja importada
Villavicencio,C054,Manzana royal gala importada,Manzana royal
Villavicencio,C054,Manzana verde importada,Manzana verde importada
Villavicencio,C056,Maracuyá,Maracuyá
Villavicencio,D018,Margarina,Margarina
Villavicencio,D020,Mayonesa doy pack,Mayonesa doy pack
Villavicencio,C060,Melón Cantalup,Melón Cantalup
Villavicencio,N/A,Menudencias de pollo,Menudencias de pollo
Villavicencio,C061,Mora de Castilla,Mora de Castilla
Villavicencio,N/A,Muslos de pollo sin rabadilla,Muslos de pollo sin rabadilla
Villavicencio,N/A,Naranja Valencia,Naranja Valencia
Villavicencio,N/A,Panela cuadrada morena,Panela cuadrada morena
Villavicencio,B071,Papa criolla limpia,Papa criolla lavada
Villavicencio,N/A,Papa superior,Papa superior
Villavicencio,N/A,Papaya Paulina,Papaya Paulina
Villavicencio,N/A,Papaya tainung,Papaya tainung
Villavicencio,A072,Pastas alimenticias,Pastas alimenticias
Villavicencio,C079,Patilla,Sandía
Villavicencio,F085,Pechuga de pollo,Pechuga de pollo
Villavicencio,B077,Pepino cohombro,Pepino cohombro
Villavicencio,N/A,Pepino de rellenar,Pepino de rellenar
Villavicencio,C071,Pera importada,Pera importada
Villavicencio,N/A,Pera nacional,Pera nacional
Villavicencio,F091,Pierna pernil con rabadilla,Pierna pernil con rabadilla
Villavicencio,F091,Piernas de pollo,Piernas de pollo
Villavicencio,B080,Pimentón,Pimentón
Villavicencio,N/A,Pitahaya,Pitahaya
Villavicencio,N/A,Plátano guineo,Plátano guineo
Villavicencio,B092,Plátano hartón verde,Plátano verde
Villavicencio,N/A,Pollo entero fresco sin vísceras,Pollo entero fresco sin vísceras
Villavicencio,G017,Queso campesino,Queso campesino
Villavicencio,G018,Queso costeño,Queso costeño
Villavicencio,G016,Queso cuajada,Queso cuajada
Villavicencio,G021,Queso doble crema,Queso doble crema
Villavicencio,N/A,Remolacha,Remolacha
Villavicencio,B099,Repollo blanco,Repollo blanco
Villavicencio,L015,Sal yodada,Sal yodada
Villavicencio,L017,Salsa de tomate doy pack,Salsa de tomate doy pack
Villavicencio,E039,Sardinas en lata,Sardinas en lata
Villavicencio,N/A,Tangelo,Tangelo
Villavicencio,N/A,Tilapia roja entera fresca,Tilapia roja entera fresca
Villavicencio,B103,Tomate chonto,Tomate chonto
Villavicencio,C082,Tomate de árbol,Tomate de árbol
Villavicencio,C085,Uva importada,Uva importada
Villavicencio,C086,Uva Isabela,Uva Isabela
Villavicencio,C085,Uva red globe nacional,Uva red globe nacional
Villavicencio,N/A,Yuca llanera,Yuca llanera
Villavicencio,B110,Zanahoria,Zanahoria
